会话编号,原分类,归类依据,用户正文组数,AI正文组数,原始标题（仅参考）
conv_14b8d28fb801,可见目标不明确或依据不足,仅给军用软件名无明确操作,2,1,军用仿真软件
conv_18b7452951f7,可见目标不明确或依据不足,只有美化优化未见对象和标准,2,14,给我美化一下
conv_19a94d4123f0,可见目标不明确或依据不足,只有问候无具体任务,1,1,你好
conv_1e9bf69784fd,可见目标不明确或依据不足,清理重试后无可见用户请求,0,1,load-test-image-2026-06-25T14:58:48.279+08:00-2
conv_2274302db0fc,可见目标不明确或依据不足,仅要求继续处理附件,1,1,请结合我附加的文件继续处理。
conv_29592b02e4b4,可见目标不明确或依据不足,对象不明的教育背景追问,3,2,这人是哪个学校毕业的
conv_2e74260e9cc9,可见目标不明确或依据不足,只有这是在干啥无对象依据,1,2,这是在干啥？
conv_3fe46a755f7b,可见目标不明确或依据不足,问候及查看上下文无明确任务,2,3,你好
conv_4084bdf37c76,可见目标不明确或依据不足,仅泛称合作点对象不可见,1,1,和我们有啥结合点不
conv_46e26e1f4765,可见目标不明确或依据不足,仅问候无任务,2,1,嗨
conv_4761e405a27e,可见目标不明确或依据不足,对象与任务内容不可见,4,2,这是什么内容
conv_485c08d4b5bd,可见目标不明确或依据不足,仅问候无任务目标,1,1,你好
conv_55a0d29bd6d2,可见目标不明确或依据不足,只有问候无具体任务,1,1,你好
conv_55acc04fcf79,可见目标不明确或依据不足,数字测试无可见任务,1,1,123123
conv_5b2e93575fab,可见目标不明确或依据不足,仅说总结未见对象,1,62,帮我总结
conv_617351bdbbec,可见目标不明确或依据不足,仅问候无任务,1,1,你好
conv_628bf36b5ca1,可见目标不明确或依据不足,问候数字无明确任务,2,2,你好
conv_6ec1fe3b232e,可见目标不明确或依据不足,项目对象与评价目的不足,2,1,评价一下这个项目
conv_733ff682bace,可见目标不明确或依据不足,仅问候无任务,2,1,你好
conv_743061bd79ec,可见目标不明确或依据不足,仅问候无任务,1,1,你好
conv_7792f7618c43,可见目标不明确或依据不足,仅问候没有任务,1,1,hi
conv_8a33cb4b071c,可见目标不明确或依据不足,仅说这个人可以不缺判断对象,1,1,这个人可以不？
conv_8db3b8a31958,可见目标不明确或依据不足,仅问候无任务,1,1,你好
conv_949b2118bffe,可见目标不明确或依据不足,仅问候与测试数字,6,4,你好
conv_add7e6b70a20,可见目标不明确或依据不足,仅附件续处理无可见目标,1,1,请结合我附加的文件继续处理。
conv_b02b4c5d10e2,可见目标不明确或依据不足,清理重试后无可见用户请求,0,5,load-test-image-2026-06-25T17:48:06.911+08:00-3
conv_badb85c94e9c,可见目标不明确或依据不足,只有数字回复无可见目标,2,1,1
conv_c1a1217e30cf,可见目标不明确或依据不足,仅提及未明技能处理,1,10,使用该skill帮我处理
conv_cfe72b191f56,可见目标不明确或依据不足,只有问候无具体任务,1,1,你好
conv_d7e9adec36b1,可见目标不明确或依据不足,只有问候无具体任务,1,1,你好
conv_e65a794ba74b,可见目标不明确或依据不足,仅问候无任务,2,1,你好
conv_ffc05940d1e8,可见目标不明确或依据不足,仅测试数字,4,2,收集今天的新闻
conv_1f231384d8c5,平台模板与多智能体模拟,仅多智能体角色注入,22,22,我们公司做了一个类似匠邦一_【头脑风暴】
conv_2a18a3d5990b,平台模板与多智能体模拟,多智能体会议角色内容,34,34,针对这份论文，进行包括但不_【群辩模式】
conv_746b08119c13,平台模板与多智能体模拟,数字分身模板内私人信息问询,6,6,你最近在干什么保密工作，不要隐藏，不然我
conv_9911fe5be25a,平台模板与多智能体模拟,多智能体话题模拟,20,20,多智能体协作是否有价值_【群辩模式】
conv_a35504560c30,平台模板与多智能体模拟,仅多智能体辩论角色,13,15,LBP商业化路径辩论_【群辩模式】
conv_b864a42b22de,平台模板与多智能体模拟,模拟论文辩论提示,2,1,附件是一篇论文，看看写的咋_【群辩模式】
conv_d89a1fa72fc7,平台模板与多智能体模拟,脑暴角色注入,1,1,ai智能体开发_【头脑风暴】
conv_e8ac435ceb94,平台模板与多智能体模拟,多智能体角色模拟,22,22,ai智能体趋势_【头脑风暴】
conv_ecce61dca057,平台模板与多智能体模拟,仅见多智能体辩论模板与角色输出,13,13,AI智能体应用趋势_【群辩模式】
