1	LEGAL	-	high	上市财务资助及乙方保密协议	1,2
2	OFFICE	BIZ	high	会议纪要润色兼债权转让解释	1,3,9,11
3	BIZ	-	high	客户与信托缴款通知版本比对	1,5
4	OFFICE	-	high	参考图片生成产品图	1
5	OFFICE	ASSIST	high	产品logo场景生图兼技能定位	1,2,3,5
6	EDU	-	high	授课PPT生成及页内容提取	1,2,4
7	OFFICE	-	high	提取PPT指定页内容	1
8	LIFE	-	high	个人slogan创意咨询	1
9	OFFICE	-	high	商务文字英译	1
10	ASSIST	-	high	查询生图模型单次费用	1
11	HR	-	high	人力负责人多批简历筛选及推荐	1,3,5,7
12	OFFICE	-	medium	按附件依据打分并填写意见	1
13	OFFICE	-	medium	按附件依据打分并填写意见	1
14	LEGAL	-	high	申办方临床合同审核及付款责任	1,2,4,9,10
15	LEGAL	OFFICE	high	债权出让方案法律路径兼会议纪要	1,5,6,7
16	BIZ	-	high	查询上海研发转化功能平台	1
17	ASSIST	-	high	确认creator技能身份及位置	1,2,4
18	LIFE	-	high	游戏名称与开发公司咨询	1,3
19	LEGAL	-	high	接收方合同审核与直接修订	1,2
20	OFFICE	-	high	产品场景图片及广告语设计	1,2
21	LEGAL	-	high	股东协议审查及代表责任修订	1,3,11
22	KNOW	COMM,OFFICE	high	整理个人使用画像兼识图邮件	1,3,5
23	OFFICE	-	high	图片内容识别	1
24	OFFICE	-	high	企业宣传图片标题标识替换	1
25	OFFICE	-	high	企业宣传图局部图片与文字替换	1
26	LIFE	COMM	high	福冈旅行行程配图及邮件交付	1,2,13,15
27	NEWS	-	high	当日AI热点及摘要配图	1,2
28	LEGAL	-	high	上市管理制度估值报告及免责声明	2,3,5
29	KNOW	-	high	解释已选知识图谱节点	1,2
30	EDU	DATA	high	经营模拟跨季度研发生产销售测算	1,11,16,23,38
31	LEGAL	-	high	合伙协议员工激励持股平台修订	1,3,4
32	ASSIST	COMM	high	邮件技能内容打包及配置发送	1,2,3
33	ASSIST	-	high	请求查询本地配置凭据	1
34	TECH	-	high	系统命令与拦截机制测试	1,3
35	NEWS	-	high	查询当日AI热点新闻	1
36	ASSIST	-	high	请求打包邮件技能到工作区	1,2
37	OFFICE	-	high	图片内容识别	1
38	OFFICE	-	high	图片内容识别	1
39	COMM	LIFE	high	地点查询及定时安排	1,2
40	BIZ	COMM,ASSIST	high	相控阵行业报告兼邮件服务连接	1,4,7,9
41	LEGAL	-	high	协议审核及中文翻译	1,2
42	BIZ	-	high	查询AI赛道企业融资进展	1
43	EDU	-	high	深度研究和Agent榜单调研	1,2,3,4
44	LEGAL	-	high	多轮融资协议股东特殊权利审核	2,3,4
45	UNCLEAR	-	low	只有美化优化未见对象和标准	1,2
46	BIZ	-	high	机器人市场竞争格局调研	1
47	BIZ	-	high	合成生物行业长报告及图表汇报	1,2,3
48	OFFICE	COMM	high	AI设计文件清晰度修复及邮件交付	1,5,7,8,11
49	LEGAL	-	high	说明文件细化及法律表述规范	1
