技能标识,位置范围,有消费证据的会话数,明确运行目录会话数,有读取记录的会话数,有脚本执行尝试的会话数,返回过正文或资源内容,有简化读取回执,会话编号
pdf,KM/OpenClaw明确运行技能目录,65,63,65,0,True,True,conv_05a433473107|conv_071f0f0277ac|conv_075d1d056ef3|conv_0908308cfd4f|conv_0c7af9f7e430|conv_0df36094b90c|conv_0e3d37287c9d|conv_13e38f017a30|conv_15bf426031fc|conv_15e56f4ac60b|conv_194d78b87905|conv_1c5e6b392159|conv_222c1d76547a|conv_23adf8fd855f|conv_23cad87cab61|conv_279b5eb3a290|conv_2800f7d02600|conv_2b9e9c0c5202|conv_2e5ebc80c255|conv_383a91943829|conv_3cf0f7358f02|conv_4024be190b45|conv_45f703ea1ccc|conv_470d66397a7d|conv_4a378f051f47|conv_4e162c7672f8|conv_5785a8ce4b6a|conv_58c06c2fe01d|conv_60936d7d143e|conv_61d7cc938e6d|conv_6205973ae0f0|conv_69148bb26513|conv_6b5a4c48a759|conv_6f9964f1a35e|conv_7538f7469cbe|conv_79ca65c436ba|conv_7f22f382e293|conv_7f7ed36bdd37|conv_8339875f170d|conv_84285a261397|conv_8748935e7377|conv_885854b82f34|conv_8d9fc90a248a|conv_91d7eae7f753|conv_946d32d6e89b|conv_9f52e89fe262|conv_a47df5b9e92d|conv_a9ed333e7694|conv_aad48418bf73|conv_b10b34077d72|conv_b8e9e6e38770|conv_bb67b3039ec2|conv_bc9366497601|conv_bebf10fc7e18|conv_c4dc1412df06|conv_cc0954e39572|conv_de1d6b525369|conv_de8e5263bc49|conv_e1268e2d935d|conv_e71276ba785b|conv_ed0d158f38e3|conv_f53a77925865|conv_f71f86e2f9f4|conv_f7c708bf6afb|conv_feb7c0fed490
image-ppt-generation,KM/OpenClaw明确运行技能目录,40,40,40,0,False,True,conv_05cd858151a0|conv_0654e7f191cf|conv_0966271ea5c9|conv_10cf68fbd1f3|conv_126d0b31d3fa|conv_1bce921c6f7b|conv_2063896bb9c9|conv_2095a3e454f2|conv_28683e4a0a38|conv_2d9833d90ec3|conv_32c21a54c659|conv_33b2d5386dd3|conv_45fbe028d43d|conv_4a400f6ef2c9|conv_4cd029506eb5|conv_4de1f8d1c987|conv_514f6d8693d2|conv_526530db0103|conv_5abf992fe03e|conv_5b7c07622ba3|conv_5fb41cd228d3|conv_639119e2e624|conv_70cad24899f6|conv_743a2a4ed77e|conv_7e03d9a4cf85|conv_80c0ba2c2e7e|conv_84d107e9e67a|conv_98d45aba0065|conv_9af60347581d|conv_a5ae34a9eba9|conv_afd6692df4ab|conv_b1c31894d276|conv_b4c2962f1747|conv_bff5c75a4fcd|conv_cf39e97307ba|conv_d67773c0cac8|conv_e1913774325a|conv_ed7d6b939145|conv_f2b900c33421|conv_f6a5e3b35c32
image-generation,KM/OpenClaw明确运行技能目录,37,37,37,0,True,True,conv_006c1e9f8bf0|conv_0166bc150833|conv_0484aa7e032d|conv_048674ddbdcd|conv_08457c6c88dc|conv_0932fbcb8569|conv_0cdfdfa63567|conv_0e5f49df8fb6|conv_12b4ea8ff451|conv_13fe75fa739b|conv_1c0d9eac8df9|conv_1c5121229313|conv_30474e7027ac|conv_43344c1d624a|conv_6176cb2a1bea|conv_7bd66d286bf2|conv_80e86b5805f5|conv_817857256a11|conv_8714afcf3204|conv_8afe28c15daf|conv_8b3d572e9c17|conv_a222b7fe3e39|conv_a322a78919b3|conv_a34b4d5a16a2|conv_ab9d3c7b3eb5|conv_adc77063b575|conv_b4e35d65e58e|conv_c06891110200|conv_c0c78dafec9c|conv_d3fbd10a6a4b|conv_d828d7185e86|conv_e2ecbc6378d2|conv_e9c4a9f895ed|conv_ebd31d802493|conv_f1e547631e03|conv_fd211e07f1dc|conv_fd3b83a1061c
docx,KM/OpenClaw明确运行技能目录,30,30,29,3,True,True,conv_007d40b3886f|conv_1344d32a1970|conv_15bf426031fc|conv_1abb9b63fab8|conv_1e7f38d9104c|conv_1ec77749aa65|conv_26369e950fd0|conv_3267a1dd85aa|conv_343600b6d59a|conv_36908a419d8f|conv_381f48864647|conv_383e0a3ecde7|conv_39ee73dad7d3|conv_3ada2d9f53bf|conv_4dff386a54ac|conv_61ba37b1a086|conv_62c16b4032bf|conv_6bbfd6c2fbe3|conv_6f4fad2b911f|conv_6fb29f5be5cb|conv_737c4b010b18|conv_80ce11dd162c|conv_849a4af1be2e|conv_b4c2962f1747|conv_b593fd6024ec|conv_ba17ea1e9b2e|conv_c73796a246dc|conv_e9b349be9fc3|conv_f7ae916abc7a|conv_f7e2139afd98
evomind-paper-scan,KM/OpenClaw明确运行技能目录,29,29,29,0,True,True,conv_00b903a3ebe9|conv_1297c74c3e35|conv_23812b8e2ac6|conv_254f8638a685|conv_371a64fe50a1|conv_3826e9551bbb|conv_3e2b7b34534f|conv_55752893b837|conv_59024c2ff574|conv_5a54df807856|conv_5f36dde87ab8|conv_62b59deb8bd3|conv_639563c765e9|conv_6927ef7cb83b|conv_6e05298eec39|conv_770819efaa18|conv_9af1f51c4560|conv_9b10d0f86224|conv_9f02159beda5|conv_b8618dade74b|conv_c19f3434fa4f|conv_d8448984d033|conv_dbc02e0c62f0|conv_de5b62882d40|conv_dfc17606c803|conv_e0cc09d72959|conv_e7ba7bb57e7c|conv_f066a0b5ae1d|conv_f4571399ca70
imap-smtp-email,KM/OpenClaw明确运行技能目录,21,21,21,0,False,True,conv_1c5d5d968cf1|conv_316742f9e7f2|conv_3a5cf1988000|conv_43bdd0d5f779|conv_46f9798a1ef7|conv_48bad126c8f3|conv_6731cc9aa7a0|conv_6e4ea693d7fd|conv_78444c079e5a|conv_7bdaa160b3ec|conv_838dbbd03671|conv_988394fa37c8|conv_b83dcd4b4762|conv_bb3f86d4bbce|conv_bbc7e627eae3|conv_c2859a4a40a4|conv_cbc028e87deb|conv_db4d78062400|conv_dc141d50dd59|conv_e153e826314b|conv_f45181b3b8fb
pdf_zzz4ai,KM/OpenClaw明确运行技能目录,17,17,17,0,True,True,conv_052e24c34b9d|conv_4380f019d4cf|conv_45e57ea5db1e|conv_4dff386a54ac|conv_57d9f1d61b01|conv_6318c0ad05d5|conv_6c48bf880731|conv_6ec1fe3b232e|conv_88a0774cb062|conv_89047a8a2890|conv_a23ce9b33b5b|conv_ba9209bcc8df|conv_bcf6044319f6|conv_ce98bb35ce1e|conv_e31e2cb7678b|conv_e497d1970d81|conv_fb9c30fa9f46
contract-review,KM/OpenClaw明确运行技能目录,13,13,13,0,True,True,conv_000329fc9167|conv_011570125174|conv_075d1d056ef3|conv_2a6e0203ce09|conv_2cd68de4c686|conv_2d8b571e6392|conv_59bebaeb3bab|conv_622d3811c315|conv_6d69c3fec1b7|conv_70726a26e739|conv_b6ece15c4c44|conv_c19fda1c10e1|conv_ea7acfe1b937
karpathy-wiki,KM/OpenClaw明确运行技能目录,9,9,9,0,True,True,conv_1e8e6e53ac34|conv_7c09ae1a1aad|conv_8a594fd46217|conv_9e7f8c1f3083|conv_a0acca374419|conv_a888b4c97f1c|conv_bd88f614a510|conv_cf90ee4b2907|conv_ec8d4abd9de7
xlsx,KM/OpenClaw明确运行技能目录,9,9,9,0,True,True,conv_80e86b5805f5|conv_85bac8c8af6e|conv_948cdaa668ef|conv_b50bfc1a5e3e|conv_e5c7e28a572b|conv_e6fdd2e394f4|conv_ed15a7e62fc8|conv_ee979d0d59fb|conv_fbc466c9dfb1
contract-review-cn,KM/OpenClaw明确运行技能目录,7,7,7,0,False,True,conv_1c289044d62b|conv_512bed807235|conv_8ca69d6ae5ea|conv_97100bdcb068|conv_b692170f084d|conv_c32903955c2b|conv_fafb4f4f16ce
travel-itinerary-planner,KM/OpenClaw明确运行技能目录,6,6,6,0,True,True,conv_1484e8af3800|conv_27a5d2df0f04|conv_4e2a5f3f6545|conv_5d14615979c7|conv_b132854c6589|conv_d3b35bbaf6ed
job-description-writer,KM/OpenClaw明确运行技能目录,6,5,6,0,True,True,conv_2d49ad7e7177|conv_4dff386a54ac|conv_7280f3693c03|conv_94a2c0df9209|conv_e4524ffbc723|conv_f01a04f4059d
competitive-analysis,KM/OpenClaw明确运行技能目录,4,4,4,0,False,True,conv_3a2929dd4123|conv_4be7342d0195|conv_d4d7037451a5|conv_f1466cdd5366
concept-verification-report,KM/OpenClaw明确运行技能目录,4,4,4,0,True,True,conv_35fde4c7bfb8|conv_61a472bf9ac9|conv_b34d3845b817|conv_ef03550765dd
dbs-chatroom,KM/OpenClaw明确运行技能目录,4,4,4,0,True,True,conv_600eff249286|conv_61455080acde|conv_8118bc81c93e|conv_b60543ef082b
guizang-ppt-skill,KM/OpenClaw明确运行技能目录,4,4,4,1,True,True,conv_6f4fad2b911f|conv_7b0ea502fdac|conv_955ff0e3a0f7|conv_c73acc83eff3
review-resume,KM/OpenClaw明确运行技能目录,4,4,4,0,False,True,conv_221003603779|conv_4dff386a54ac|conv_5cebb0b81936|conv_cc1fb6784019
emerged-job_description_learning,KM/OpenClaw明确运行技能目录,4,3,4,0,False,True,conv_104632b01333|conv_207fc3b8f038|conv_66a8dc558785|conv_f8a56f4505e3
follow-builders,KM/OpenClaw明确运行技能目录,4,3,4,0,True,False,conv_09ee1c37b94c|conv_6d96fae27990|conv_a01a23912186|conv_f075f2e6dfea
getnote-skill,KM/OpenClaw明确运行技能目录,4,3,4,0,True,True,conv_21063e379350|conv_8d186f951c61|conv_a91dfc6d0713|conv_e428a2831260
business-case-builder,KM/OpenClaw明确运行技能目录,3,3,3,0,True,True,conv_67a9ccb4c303|conv_71b145de3304|conv_80a5790617be
create-prd,KM/OpenClaw明确运行技能目录,3,3,3,0,False,True,conv_158e9b7436ea|conv_71b25ae5e611|conv_e3161ddb4075
frontend-design,KM/OpenClaw明确运行技能目录,3,3,3,0,False,True,conv_69d3e6ed7587|conv_b0766d5cdf61|conv_bf7c7b128edf
human-resources-recruitment,KM/OpenClaw明确运行技能目录,3,3,3,0,True,True,conv_4da8ee446e3a|conv_cd1a2871756a|conv_ea9b88b23b98
netease-mail-connection,KM/OpenClaw明确运行技能目录,3,3,3,0,False,True,conv_211006dd61b2|conv_c7c9955f80d8|conv_f95e59fa2a26
output-as-word,KM/OpenClaw明确运行技能目录,3,3,3,0,False,True,conv_0581d60474f4|conv_230c66505a14|conv_2e198f6ce53c
pptx,KM/OpenClaw明确运行技能目录,3,3,3,0,True,True,conv_049156fe4bfc|conv_54133f1be693|conv_f0d878d4053a
research-paper-writer,KM/OpenClaw明确运行技能目录,3,3,3,0,True,False,conv_05569cdad92c|conv_6c5c4efafced|conv_bd5bd7f58c93
agent-browser,KM/OpenClaw明确运行技能目录,2,2,2,0,True,True,conv_33a026154646|conv_6cdcaf5433ea
dcf-model,KM/OpenClaw明确运行技能目录,2,2,2,0,False,True,conv_1f1e1d0c2247|conv_88c15f68fcd5
emerged-dfbadf6e297bf6de67a5e5d3,KM/OpenClaw明确运行技能目录,2,2,2,0,False,True,conv_b0a83c4daf70|conv_c0f717af53db
grilling,KM/OpenClaw明确运行技能目录,2,2,2,0,False,True,conv_2d85bcabcb65|conv_7c038820b32f
human-resources-compliance,KM/OpenClaw明确运行技能目录,2,2,2,0,False,True,conv_201631a6dabf|conv_cec9b66e0a45
human-resources-departures,KM/OpenClaw明确运行技能目录,2,2,2,0,False,True,conv_22735168dc9c|conv_fee286579ecd
image-ocr,KM/OpenClaw明确运行技能目录,2,2,2,0,False,True,conv_a08c766fa806|conv_da7d6a0140d5
lark-doc,KM/OpenClaw明确运行技能目录,2,2,2,0,False,True,conv_461e2d0f1ef1|conv_acf82df2f685
pptx-generator,KM/OpenClaw明确运行技能目录,2,2,2,0,True,False,conv_09e225ee61ad|conv_7e7d3c01d5af
wechat-ai-publisher,KM/OpenClaw明确运行技能目录,2,2,2,0,False,True,conv_0e5f49df8fb6|conv_2c6000fce9b3
wecom-connection,KM/OpenClaw明确运行技能目录,2,2,2,0,False,True,conv_63a92ea9ec3c|conv_e5c0c9f1cd6c
ppt-generator,KM/OpenClaw明确运行技能目录,2,1,2,0,False,True,conv_97579cceae5e|conv_9a2a546a25e0
3-statements,KM/OpenClaw明确运行技能目录,1,1,1,0,False,True,conv_baa17fbb85ec
ai-news-aggregator,KM/OpenClaw明确运行技能目录,1,1,1,0,False,True,conv_42afc8c572f9
brainstorm-ideas-new,KM/OpenClaw明确运行技能目录,1,1,1,0,False,True,conv_2c3193eb1cd6
competitive-intelligence,KM/OpenClaw明确运行技能目录,1,1,1,0,False,True,conv_920face391e5
dbs-deconstruct,KM/OpenClaw明确运行技能目录,1,1,1,0,True,False,conv_214aed9afe2e
deep-research,KM/OpenClaw明确运行技能目录,1,1,1,0,True,False,conv_e637010e3cc7
emerged-12c473344e84b1c9d850c849,KM/OpenClaw明确运行技能目录,1,1,1,0,False,True,conv_f4efc3b555dc
emerged-38e6b2915d9c4b7588e54d37,KM/OpenClaw明确运行技能目录,1,1,1,0,False,True,conv_57c3d07d05d9
emerged-5833d138e66097ffbeb0de98,KM/OpenClaw明确运行技能目录,1,1,1,0,False,True,conv_b57f25e98e16
evomind-auto,KM/OpenClaw明确运行技能目录,1,1,1,0,True,False,conv_5ffcfbd5fb69
feishu-connection,KM/OpenClaw明确运行技能目录,1,1,1,0,False,True,conv_618342b677cf
fund-proposal-assistant,KM/OpenClaw明确运行技能目录,1,1,1,0,True,False,conv_246b5e915810
game-developer,KM/OpenClaw明确运行技能目录,1,1,1,0,False,True,conv_a53e75e3ce15
gx-brand-content-production,KM/OpenClaw明确运行技能目录,1,1,1,0,False,True,conv_79790ad87ce5
human-resources-performance,KM/OpenClaw明确运行技能目录,1,1,1,0,False,True,conv_9ff5e9d7e874
human-resources-training,KM/OpenClaw明确运行技能目录,1,1,1,0,False,True,conv_b66a59b58652
image-editing,KM/OpenClaw明确运行技能目录,1,1,1,0,False,True,conv_806f49c1eb88
lark-shared,KM/OpenClaw明确运行技能目录,1,1,1,0,False,True,conv_568d6666fd4d
nature-academic-search,KM/OpenClaw明确运行技能目录,1,1,1,0,False,True,conv_aefc8e3134ca
nature-response,KM/OpenClaw明确运行技能目录,1,1,1,0,True,False,conv_83ece9c50c5b
nature-reviewer,KM/OpenClaw明确运行技能目录,1,1,1,0,True,False,conv_4f2166e19a21
nsfc-research-content-method,KM/OpenClaw明确运行技能目录,1,1,1,0,True,False,conv_6b24fb79bb00
nuwa-skill,KM/OpenClaw明确运行技能目录,1,1,1,0,False,True,conv_a4b444ef90b2
patent-scanner,KM/OpenClaw明确运行技能目录,1,1,1,0,True,False,conv_37b1a047ccc5
pricing-strategy,KM/OpenClaw明确运行技能目录,1,1,1,0,False,True,conv_e17789e7b661
product-name,KM/OpenClaw明确运行技能目录,1,1,1,0,False,True,conv_a2364c686db7
product-strategy,KM/OpenClaw明确运行技能目录,1,1,1,0,True,False,conv_8768b45e6be3
project-quotation,KM/OpenClaw明确运行技能目录,1,1,1,0,True,True,conv_2d755771f0da
qcc-company-connection,KM/OpenClaw明确运行技能目录,1,1,1,0,False,True,conv_3ccdb2ea652d
startup-canvas,KM/OpenClaw明确运行技能目录,1,1,1,0,False,True,conv_12ac99dd2fa7
swot-analysis,KM/OpenClaw明确运行技能目录,1,1,1,0,True,False,conv_7993eeb902fe
tencent-meeting-mcp,KM/OpenClaw明确运行技能目录,1,1,1,0,True,False,conv_0c4d5e5a33a8
ui-ux-pro-max,KM/OpenClaw明确运行技能目录,1,1,1,0,False,True,conv_1765ca7d99bb
AutoEvoSkillCreate,工作区/相对路径或路径未知,1,0,1,0,True,False,conv_e17f873c3068
early-tech-investment,工作区/相对路径或路径未知,1,0,1,0,False,True,conv_19680ac4434e
gx-tender-response-workbench,工作区/相对路径或路径未知,1,0,1,0,False,True,conv_c53070032f4c
prd-generator,工作区/相对路径或路径未知,1,0,1,0,True,False,conv_05a1114102cf
remotion-video-generator,工作区/相对路径或路径未知,1,0,0,1,False,False,conv_eaf2e429a225
xyq-nest-skill,工作区/相对路径或路径未知,1,0,0,1,False,False,conv_80e86b5805f5
zzz4ai-search-engine,工作区/相对路径或路径未知,1,0,1,0,True,False,conv_77bea0b4dd7a
