主题,代码,会话主主题数量,保留,暂存,任务片段数量,片段来源会话数量,片段消息成员数,用户消息成员数,AI消息成员数,正文字符数,已生成技能数
合同审阅与法务合规,LEGAL,143,119,24,121,121,589,348,241,377092,0
招聘、简历与人事,HR,127,86,41,80,80,421,224,197,359559,0
文档、演示与视觉内容,OFFICE,232,136,96,178,178,1068,564,504,361091,0
财务核算、预算与数据表格,DATA,33,28,5,43,43,286,141,145,124308,0
企业、市场与经营调研,BIZ,223,138,85,100,100,594,321,273,382530,0
教学、教育与科研,EDU,193,80,113,57,57,317,180,137,218362,0
软件产品、代码与技术排障,TECH,48,34,14,55,55,314,165,149,117794,0
新闻与一般信息检索,NEWS,45,14,31,5,5,26,13,13,8542,0
助手配置与技能管理,ASSIST,45,20,25,15,15,85,45,40,21566,0
知识库、记忆与资料整理,KNOW,49,22,27,28,28,107,51,56,42038,0
行政协同、邮件与日程,COMM,47,18,29,23,23,107,55,52,16601,0
个人生活与旅行咨询,LIFE,33,20,13,14,14,128,78,50,52866,0
可见目标尚不明确,UNCLEAR,6,1,5,0,0,0,0,0,0,0
