技能标识,用途线索,涉及会话,保留学习会话,暂存会话,获取分组,旧来源标签,实际需要对方提供,公开来源,已下载位置,历史原包一致性,用途认证
image-generation,平台图片生成服务调用,35,6,29,A：平台品牌/服务适配，优先取原包,EvoMind品牌或服务适配候选,请确认原创/第三方改造归属，提供实际完整包与相应服务契约,,,尚未确认,用途按标识理解，非有效消费或业务成功认证
evomind-paper-scan,论文检索与研读的 EvoMind 适配,27,14,13,A：平台品牌/服务适配，优先取原包,EvoMind品牌或服务适配候选,请确认原创/第三方改造归属，提供实际完整包与相应服务契约,,,尚未确认,用途按标识理解，非有效消费或业务成功认证
pdf_zzz4ai,平台 PDF 处理服务适配,17,15,2,A：平台品牌/服务适配，优先取原包,EvoMind品牌或服务适配候选,请确认原创/第三方改造归属，提供实际完整包与相应服务契约,,,尚未确认,用途按标识理解，非有效消费或业务成功认证
evomind-auto,EvoMind 自动研究流程,1,0,1,A：平台品牌/服务适配，优先取原包,EvoMind品牌或服务适配候选,请确认原创/第三方改造归属，提供实际完整包与相应服务契约,,,尚未确认,用途按标识理解，非有效消费或业务成功认证
zzz4ai-search-engine,平台搜索服务适配,1,0,1,A：平台品牌/服务适配，优先取原包,EvoMind品牌或服务适配候选,请确认原创/第三方改造归属，提供实际完整包与相应服务契约,,,尚未确认,用途按标识理解，非有效消费或业务成功认证
image-ppt-generation,图片式演示文稿生成,39,11,28,C：来源未确认，先请平台按标识辨认,来源未确认,请注明平台原创/改造第三方/原样第三方/个人自建；原创或改造给原包，原样第三方给URL和commit,,,尚未确认,用途按标识理解，非有效消费或业务成功认证
contract-review-cn,中文合同审阅,7,7,0,C：来源未确认，先请平台按标识辨认,来源未确认,请注明平台原创/改造第三方/原样第三方/个人自建；原创或改造给原包，原样第三方给URL和commit,,,尚未确认,用途按标识理解，非有效消费或业务成功认证
concept-verification-report,概念验证报告,4,1,3,C：来源未确认，先请平台按标识辨认,来源未确认,请注明平台原创/改造第三方/原样第三方/个人自建；原创或改造给原包，原样第三方给URL和commit,,,尚未确认,用途按标识理解，非有效消费或业务成功认证
emerged-job_description_learning,岗位描述学习候选,4,4,0,C：来源未确认，先请平台按标识辨认,涌现命名技能，生成来源待核,请注明平台原创/改造第三方/原样第三方/个人自建；原创或改造给原包，原样第三方给URL和commit,,,尚未确认,用途按标识理解，非有效消费或业务成功认证
human-resources-recruitment,招聘工作,3,2,1,C：来源未确认，先请平台按标识辨认,来源未确认,请注明平台原创/改造第三方/原样第三方/个人自建；原创或改造给原包，原样第三方给URL和commit,,,尚未确认,用途按标识理解，非有效消费或业务成功认证
netease-mail-connection,网易邮箱连接,3,3,0,C：来源未确认，先请平台按标识辨认,来源未确认,请注明平台原创/改造第三方/原样第三方/个人自建；原创或改造给原包，原样第三方给URL和commit,,,尚未确认,用途按标识理解，非有效消费或业务成功认证
output-as-word,Word格式输出,3,2,1,C：来源未确认，先请平台按标识辨认,来源未确认,请注明平台原创/改造第三方/原样第三方/个人自建；原创或改造给原包，原样第三方给URL和commit,,,尚未确认,用途按标识理解，非有效消费或业务成功认证
emerged-dfbadf6e297bf6de67a5e5d3,涌现命名候选，用途待原包确认,2,2,0,C：来源未确认，先请平台按标识辨认,涌现命名技能，生成来源待核,请注明平台原创/改造第三方/原样第三方/个人自建；原创或改造给原包，原样第三方给URL和commit,,,尚未确认,用途按标识理解，非有效消费或业务成功认证
human-resources-compliance,人事合规,2,2,0,C：来源未确认，先请平台按标识辨认,来源未确认,请注明平台原创/改造第三方/原样第三方/个人自建；原创或改造给原包，原样第三方给URL和commit,,,尚未确认,用途按标识理解，非有效消费或业务成功认证
human-resources-departures,离职事务,2,1,1,C：来源未确认，先请平台按标识辨认,来源未确认,请注明平台原创/改造第三方/原样第三方/个人自建；原创或改造给原包，原样第三方给URL和commit,,,尚未确认,用途按标识理解，非有效消费或业务成功认证
wechat-ai-publisher,微信内容发布,2,2,0,C：来源未确认，先请平台按标识辨认,来源未确认,请注明平台原创/改造第三方/原样第三方/个人自建；原创或改造给原包，原样第三方给URL和commit,,,尚未确认,用途按标识理解，非有效消费或业务成功认证
wecom-connection,企业微信连接,2,1,1,C：来源未确认，先请平台按标识辨认,来源未确认,请注明平台原创/改造第三方/原样第三方/个人自建；原创或改造给原包，原样第三方给URL和commit,,,尚未确认,用途按标识理解，非有效消费或业务成功认证
early-tech-investment,早期科技投资分析,1,1,0,C：来源未确认，先请平台按标识辨认,来源未确认,请注明平台原创/改造第三方/原样第三方/个人自建；原创或改造给原包，原样第三方给URL和commit,,,尚未确认,用途按标识理解，非有效消费或业务成功认证
emerged-12c473344e84b1c9d850c849,涌现命名候选，用途待原包确认,1,1,0,C：来源未确认，先请平台按标识辨认,涌现命名技能，生成来源待核,请注明平台原创/改造第三方/原样第三方/个人自建；原创或改造给原包，原样第三方给URL和commit,,,尚未确认,用途按标识理解，非有效消费或业务成功认证
emerged-38e6b2915d9c4b7588e54d37,涌现命名候选，用途待原包确认,1,1,0,C：来源未确认，先请平台按标识辨认,涌现命名技能，生成来源待核,请注明平台原创/改造第三方/原样第三方/个人自建；原创或改造给原包，原样第三方给URL和commit,,,尚未确认,用途按标识理解，非有效消费或业务成功认证
emerged-5833d138e66097ffbeb0de98,涌现命名候选，用途待原包确认,1,0,1,C：来源未确认，先请平台按标识辨认,涌现命名技能，生成来源待核,请注明平台原创/改造第三方/原样第三方/个人自建；原创或改造给原包，原样第三方给URL和commit,,,尚未确认,用途按标识理解，非有效消费或业务成功认证
feishu-connection,飞书连接,1,1,0,C：来源未确认，先请平台按标识辨认,来源未确认,请注明平台原创/改造第三方/原样第三方/个人自建；原创或改造给原包，原样第三方给URL和commit,,,尚未确认,用途按标识理解，非有效消费或业务成功认证
gx-brand-content-production,品牌内容生产,1,1,0,C：来源未确认，先请平台按标识辨认,来源未确认,请注明平台原创/改造第三方/原样第三方/个人自建；原创或改造给原包，原样第三方给URL和commit,,,尚未确认,用途按标识理解，非有效消费或业务成功认证
gx-tender-response-workbench,投标响应工作台,1,1,0,C：来源未确认，先请平台按标识辨认,来源未确认,请注明平台原创/改造第三方/原样第三方/个人自建；原创或改造给原包，原样第三方给URL和commit,,,尚未确认,用途按标识理解，非有效消费或业务成功认证
human-resources-performance,人事绩效管理,1,0,1,C：来源未确认，先请平台按标识辨认,来源未确认,请注明平台原创/改造第三方/原样第三方/个人自建；原创或改造给原包，原样第三方给URL和commit,,,尚未确认,用途按标识理解，非有效消费或业务成功认证
nsfc-research-content-method,科研内容与方法撰写,1,1,0,C：来源未确认，先请平台按标识辨认,来源未确认,请注明平台原创/改造第三方/原样第三方/个人自建；原创或改造给原包，原样第三方给URL和commit,,,尚未确认,用途按标识理解，非有效消费或业务成功认证
project-quotation,项目报价,1,1,0,C：来源未确认，先请平台按标识辨认,来源未确认,请注明平台原创/改造第三方/原样第三方/个人自建；原创或改造给原包，原样第三方给URL和commit,,,尚未确认,用途按标识理解，非有效消费或业务成功认证
qcc-company-connection,企业查询服务连接,1,0,1,C：来源未确认，先请平台按标识辨认,来源未确认,请注明平台原创/改造第三方/原样第三方/个人自建；原创或改造给原包，原样第三方给URL和commit,,,尚未确认,用途按标识理解，非有效消费或业务成功认证
tencent-meeting-mcp,腾讯会议连接,1,1,0,C：官方服务技能存在，匿名包未取得,来源未确认,腾讯会议官方Skill需登录生成安装信息；提供合法导出的包或官方授权获取方式，不归为EvoMind原生,,,尚未确认,用途按标识理解，非有效消费或业务成功认证
