instance_id,platform,repo,commit,primary_class,public_documented_behavior,classification_evidence_kind,shared_candidate_ids,shared_coverage_status,specific_transfer_unknown,runtime_evidence,transfer_is_hypothesis
macos/abentele-erbele,macos,https://github.com/abentele/Erbele,cc9d4dbe37b00fad3b174c5b0a1a3833d4409ccb,text_code_knowledge,Text editor with local document selection and editing,fixed_source_public_documentation,macos_hexfiend;web_stackedit,partial_shared_ui_hypothesis,"Rich text, syntax behavior and editor-specific commands","none; no apps, agents or evaluators run",True
macos/acidanthera-maciasl,macos,https://github.com/acidanthera/MaciASL,cb5fc8ac09ec312ce6831feb4b653de71b1c5ec8,text_code_knowledge,AML editing and compiling IDE,fixed_source_public_documentation,macos_hexfiend;web_stackedit,partial_shared_ui_hypothesis,ACPI compiler and hardware-specific semantics,"none; no apps, agents or evaluators run",True
macos/ahmed-ali-jsonexport,macos,https://github.com/Ahmed-Ali/JSONExport,9f1064fd05b6ed9b2e396147da9899071325a129,numeric_transform,JSON-to-source-code transformation,fixed_source_public_documentation,android_opencalc;macos_hexfiend,partial_shared_ui_hypothesis,Language templates and generated code semantics,"none; no apps, agents or evaluators run",True
macos/akshaykalose-minesweeper-xp,macos,https://github.com/AkshayKalose/Minesweeper-XP,a378a27f8b71bf0eb463b6849b92bfc9f48d43bd,games_rules,Minesweeper board and game state,fixed_source_public_documentation,android_shattered_pixel_dungeon,partial_shared_ui_hypothesis,Minesweeper-specific rules and win/loss behavior,"none; no apps, agents or evaluators run",True
macos/angelolloqui-swiftkotlin,macos,https://github.com/angelolloqui/SwiftKotlin,a2f50476ce78d407cddee9a52ee1b59e2957730d,numeric_transform,Swift-to-Kotlin code conversion,fixed_source_public_documentation,android_opencalc;macos_hexfiend,partial_shared_ui_hypothesis,Transpilation semantics and unsupported-language handling,"none; no apps, agents or evaluators run",True
macos/apple-sample-food-truck,macos,https://github.com/apple/sample-food-truck,3954a769e99f3cc53297d94f2b960ceb2665b3d6,structured_records_tasks,"Food-truck order, sales and product views",fixed_source_public_documentation,macos_today;android_activity_diary;android_family_gem,partial_shared_ui_hypothesis,"Apple sample data, charts, orders and backend rules","none; no apps, agents or evaluators run",True
macos/buddax2-tmpnote,macos,https://github.com/buddax2/tmpNote,73073a5beec7f8e9969bec09efc05bb6267ba753,text_code_knowledge,Tyke-derived menu-bar scratch note and hotkey entry,fixed_source_public_documentation,macos_hexfiend;web_stackedit,partial_shared_ui_hypothesis,Exact text persistence and menu/hotkey behavior,"none; no apps, agents or evaluators run",True
macos/cardisoft-cardinal,macos,https://github.com/cardisoft/cardinal,5223a6101ba4b17b414d49b96321a7db5236bae9,files_search_archive,Local file search GUI,fixed_source_public_documentation,macos_hexfiend;android_fossify_gallery,partial_shared_ui_hypothesis,"Filesystem search index, matching and speed","none; no apps, agents or evaluators run",True
macos/codeeditapp-codeedit,macos,https://github.com/CodeEditApp/CodeEdit,12a5dc9059a43986449855c65c2ce7f49c91f24d,text_code_knowledge,Native code editor and project workspace,fixed_source_public_documentation,macos_hexfiend;web_stackedit,partial_shared_ui_hypothesis,"Language services, terminal and project backend","none; no apps, agents or evaluators run",True
macos/dena-sohrabi-there,macos,https://github.com/dena-sohrabi/There,8d63cfd4d109630508ab68e3f22c9635de878d00,timing_state,Menu-bar timezone display,fixed_source_public_documentation,android_activity_diary,partial_shared_ui_hypothesis,Timezone and daylight-saving conversions,"none; no apps, agents or evaluators run",True
macos/dodoapps-dodotidy,macos,https://github.com/DodoApps/dodotidy,dcb73be6840e8a68e5d0fb84ec0b1017cb80aa2e,system_permissions_device,System-monitor and disk-cleaning views,fixed_source_public_documentation,android_package_manager;macos_today,partial_shared_ui_hypothesis,Live process/disk metrics and cleanup side effects,"none; no apps, agents or evaluators run",True
macos/dongdongbh-mindwtr,macos,https://github.com/dongdongbh/Mindwtr,7e3da1ba2682dbc8ccbfb93b078adb9c4f068d8e,structured_records_tasks,Local-first GTD task organization,fixed_source_public_documentation,macos_today;android_activity_diary;android_family_gem,partial_shared_ui_hypothesis,"Contexts, recurring tasks and full GTD rules","none; no apps, agents or evaluators run",True
macos/evolus-pencil,macos,https://github.com/evolus/pencil,e7f2c1bc52857a2fc9c58e59c09600e29509524f,media_artifacts,"Document pages, embedded resources and PDF/export workflow",fixed_source_public_documentation,macos_gifski;android_fossify_gallery;web_minipaint,partial_shared_ui_hypothesis,Vector/prototype tool behavior and native file format,"none; no apps, agents or evaluators run",True
macos/gitahead-gitahead,macos,https://github.com/gitahead/gitahead,af959bff3b6de4102eccb6bd401519a9dc01b969,text_code_knowledge,Graphical Git history and source navigation,fixed_source_public_documentation,macos_hexfiend;web_stackedit,partial_shared_ui_hypothesis,Git object graph and repository mutation,"none; no apps, agents or evaluators run",True
macos/glushchenko-fsnotes,macos,https://github.com/glushchenko/fsnotes,d6cc1c094d0d46096bf01bb93f90e2c3f045afae,text_code_knowledge,Markdown notes and knowledge organization,fixed_source_public_documentation,macos_hexfiend;web_stackedit,partial_shared_ui_hypothesis,"Markdown rendering, links and synchronization","none; no apps, agents or evaluators run",True
macos/h5nam-mq-dir,macos,https://github.com/h5nam/mq-dir,b9ca6cba372d739c147c1d4c8bfa9ea52000bbc0,files_search_archive,Dual-pane local file manager,fixed_source_public_documentation,macos_hexfiend;android_fossify_gallery,partial_shared_ui_hypothesis,Filesystem mutation and dual-pane operation contracts,"none; no apps, agents or evaluators run",True
macos/heyderekj-binky,macos,https://github.com/heyderekj/binky,bb9fde0ae8b6ff209709bf997b068bb996492684,files_search_archive,Folder/file organization automation,fixed_source_public_documentation,macos_hexfiend;android_fossify_gallery,partial_shared_ui_hypothesis,"Automation rules, file matching and move semantics","none; no apps, agents or evaluators run",True
macos/idawnlight-shichizip,macos,https://github.com/idawnlight/ShichiZip,1857febe00a010fb5af90af1ba7abfd5bb165c96,files_search_archive,Local archive create/extract GUI,fixed_source_public_documentation,macos_hexfiend;android_fossify_gallery,partial_shared_ui_hypothesis,"Archive formats, password handling and extraction safety","none; no apps, agents or evaluators run",True
macos/jkpang-pprows,macos,https://github.com/jkpang/PPRows,e960d2b493cb36c8567ee9cf1a37a4487d63b76d,numeric_transform,Folder/file source-line counting,fixed_source_public_documentation,android_opencalc;macos_hexfiend,partial_shared_ui_hypothesis,File-type exclusion and exact line-count conventions,"none; no apps, agents or evaluators run",True
macos/kaya-go-kaya,macos,https://github.com/kaya-go/kaya,f947b967c6bc35765a4fe687c669fb6d2ae5a089,games_rules,"Go board, move tree and SGF workflow",fixed_source_public_documentation,android_shattered_pixel_dungeon,partial_shared_ui_hypothesis,"Go rules, territory and SGF parsing","none; no apps, agents or evaluators run",True
macos/logseq-logseq,macos,https://github.com/logseq/logseq,c67b8b5fa47f8fe1e1954226c9bdfabd46ebb968,text_code_knowledge,Local knowledge graph and block notes,fixed_source_public_documentation,macos_hexfiend;web_stackedit,partial_shared_ui_hypothesis,"Graph queries, block references and indexing","none; no apps, agents or evaluators run",True
macos/masscodeio-masscode,macos,https://github.com/massCodeIO/massCode,b9ea74f7cb48bd6657f9d8f716ff2a959630be98,text_code_knowledge,Code-snippet library and editor,fixed_source_public_documentation,macos_hexfiend;web_stackedit,partial_shared_ui_hypothesis,Snippet-language and library/search behavior,"none; no apps, agents or evaluators run",True
macos/mifi-lossless-cut,macos,https://github.com/mifi/lossless-cut,52f615421f76f66769410a4c17a258bab3f08688,media_artifacts,Video trimming and lossless media export,fixed_source_public_documentation,macos_gifski;android_fossify_gallery;web_minipaint,partial_shared_ui_hypothesis,"Codec-dependent cuts, timestamps and export validity","none; no apps, agents or evaluators run",True
macos/objective-see-netiquette,macos,https://github.com/objective-see/Netiquette,4330c7c3053edabbc171ff111a53a7f9b7f32d7f,system_permissions_device,Network-connection inspection GUI,fixed_source_public_documentation,android_package_manager;macos_today,partial_shared_ui_hypothesis,Live socket/process ownership and OS privileges,"none; no apps, agents or evaluators run",True
macos/olive-editor-olive,macos,https://github.com/olive-editor/olive,7e0e94abf6610026aebb9ddce8564c39522fac6e,media_artifacts,Nonlinear video editing and timeline,fixed_source_public_documentation,macos_gifski;android_fossify_gallery;web_minipaint,partial_shared_ui_hypothesis,"Timeline, decoding and video-render semantics","none; no apps, agents or evaluators run",True
macos/onix-systems-osx-status-bar-todo,macos,https://github.com/Onix-Systems/osx-status-bar-todo,b736596598caa0149393beddfa10a1b86077f964,structured_records_tasks,Status-bar todo checklist,fixed_source_public_documentation,macos_today;android_activity_diary;android_family_gem,partial_shared_ui_hypothesis,Exact original shortcut and persistence behavior,"none; no apps, agents or evaluators run",True
macos/onmyway133-icongenerator,macos,https://github.com/onmyway133/IconGenerator,fbac90293662b76cda5204815429b9e1c6b27e6f,media_artifacts,Image/icon size asset generation,fixed_source_public_documentation,macos_gifski;android_fossify_gallery;web_minipaint,partial_shared_ui_hypothesis,Platform asset specifications and resampling,"none; no apps, agents or evaluators run",True
macos/p0deje-maccy,macos,https://github.com/p0deje/Maccy,211f327ba5d1bcbbae34df976719626c664a2907,system_permissions_device,Clipboard history and selection,fixed_source_public_documentation,android_package_manager;macos_today,partial_shared_ui_hypothesis,OS clipboard hooks and privacy permissions,"none; no apps, agents or evaluators run",True
macos/pawelsalawa-letos,macos,https://github.com/pawelsalawa/letos,c65ea68c1070c9a659944ef6a86f9db58358a22f,structured_records_tasks,README identifies SQLiteStudio database GUI,fixed_source_public_documentation,macos_today;android_activity_diary;android_family_gem,partial_shared_ui_hypothesis,"SQL execution, database schema and transaction semantics","none; no apps, agents or evaluators run",True
macos/photoflare-photoflare,macos,https://github.com/PhotoFlare/photoflare,25447adc0842ee78605df0dd49492e9dd5edc3e0,media_artifacts,Official current CE site describes image editing and filters,current_public_identity_only,macos_gifski;android_fossify_gallery;web_minipaint,partial_shared_ui_hypothesis,Fixed benchmark README unavailable; current CE is not pinned-version proof,"none; no apps, agents or evaluators run",True
macos/rafaelswi-menubarusb,macos,https://github.com/rafaelSwi/MenuBarUSB,6c8113d39a9a905c6071aa755b6b15fc8cd90d83,system_permissions_device,Menu-bar USB device list,fixed_source_public_documentation,android_package_manager;macos_today,partial_shared_ui_hypothesis,Live USB enumeration and hardware state,"none; no apps, agents or evaluators run",True
macos/rgriebl-brickstore,macos,https://github.com/rgriebl/brickstore,ca4ca458fff029bb1ed9932cd82661da21aecce7,structured_records_tasks,BrickLink-oriented inventory and table organization,fixed_source_public_documentation,macos_today;android_activity_diary;android_family_gem,partial_shared_ui_hypothesis,"Inventory data, prices and external-market functions","none; no apps, agents or evaluators run",True
macos/robaho-seashore,macos,https://github.com/robaho/seashore,4671b11f5882ec46dc975795d8e087a896f18998,media_artifacts,Image editing application,fixed_source_public_documentation,macos_gifski;android_fossify_gallery;web_minipaint,partial_shared_ui_hypothesis,Image-tool and compositing semantics need observation,"none; no apps, agents or evaluators run",True
macos/sappharad-mp3gainosx,macos,https://github.com/Sappharad/mp3gainOSX,cda2eeb50a4a1000bcf58980907b3587959bb6ff,media_artifacts,Audio loudness adjustment GUI,fixed_source_public_documentation,macos_gifski;android_fossify_gallery;web_minipaint,partial_shared_ui_hypothesis,MP3 gain computation and output validity; playback is not claimed,"none; no apps, agents or evaluators run",True
macos/saturneric-gpgfrontend,macos,https://github.com/saturneric/GpgFrontend,795a81bd1edad59ef51e73157b5ad68cfa30e328,security,OpenPGP key and encryption/signature GUI,fixed_source_public_documentation,,unknown_core_coverage,Key lifecycle and cryptographic backend,"none; no apps, agents or evaluators run",True
macos/schuyler-macdown3000,macos,https://github.com/schuyler/macdown3000,a1e75e82de400f7ff78c33ff66b43c434c41716c,text_code_knowledge,Markdown editor and preview,fixed_source_public_documentation,macos_hexfiend;web_stackedit,partial_shared_ui_hypothesis,"Markdown dialect, export and preview fidelity","none; no apps, agents or evaluators run",True
macos/shabang-systems-condution,macos,https://github.com/Shabang-Systems/Condution,01a0bab26d5fa3a8a034dd1200a18988a89d15d7,structured_records_tasks,Task and project management,fixed_source_public_documentation,macos_today;android_activity_diary;android_family_gem,partial_shared_ui_hypothesis,"Scheduling, contexts and recurrence","none; no apps, agents or evaluators run",True
macos/shuang886-terminader,macos,https://github.com/shuang886/Terminader,97a55662f2759bdc67c1714f081fa245f1056092,files_search_archive,File browser with terminal integration,fixed_source_public_documentation,macos_hexfiend;android_fossify_gallery,partial_shared_ui_hypothesis,Filesystem/terminal command and pane behavior,"none; no apps, agents or evaluators run",True
macos/sn4k3-uvtools,macos,https://github.com/sn4k3/UVtools,f56dc0407dccc459ea4f033cb3efc4815295ab88,media_artifacts,"MSLA/DLP file analysis, calibration and image processing",fixed_source_public_documentation,macos_gifski;android_fossify_gallery;web_minipaint,partial_shared_ui_hypothesis,"3D printer formats, slicing/calibration and numerical geometry","none; no apps, agents or evaluators run",True
macos/sokoloffa-radiola,macos,https://github.com/SokoloffA/radiola,3321ca281afc222544b7e67e64f64f7f13051925,media_playback,Internet radio player,fixed_source_public_documentation,android_fossify_gallery,partial_shared_ui_hypothesis,Audio transport and network-dependent streams,"none; no apps, agents or evaluators run",True
macos/sqlitebrowser-sqlitebrowser,macos,https://github.com/sqlitebrowser/sqlitebrowser,5733cb75d623434a3b06f497e919cca1e206cf03,structured_records_tasks,SQLite database browsing/editing GUI,fixed_source_public_documentation,macos_today;android_activity_diary;android_family_gem,partial_shared_ui_hypothesis,SQL/schema transactions and database format,"none; no apps, agents or evaluators run",True
macos/stefansl-image-shrinker,macos,https://github.com/stefansl/image-shrinker,259f9a1e22e98b08a170c8ef55716e17e9855dca,media_artifacts,Image resizing and compression,fixed_source_public_documentation,macos_gifski;android_fossify_gallery;web_minipaint,partial_shared_ui_hypothesis,"Image codecs, orientation and dimensions","none; no apps, agents or evaluators run",True
macos/sunjw-fhash,macos,https://github.com/sunjw/fhash,45403b0e349b0bf9c2b8dc014bff8070bd33892f,numeric_transform,Local file checksum generation,fixed_source_public_documentation,android_opencalc;macos_hexfiend,partial_shared_ui_hypothesis,Hash algorithm implementations and exact encodings,"none; no apps, agents or evaluators run",True
macos/sveinbjornt-katsearch,macos,https://github.com/sveinbjornt/KatSearch,25d0019b0442d39b7115dc9668fa4b24415d47f2,files_search_archive,Local filename/content search,fixed_source_public_documentation,macos_hexfiend;android_fossify_gallery,partial_shared_ui_hypothesis,macOS filesystem index and query semantics,"none; no apps, agents or evaluators run",True
macos/tannerc-spf,macos,https://github.com/tannerc/spf,c0084e7143e5333649bbc9d30db568a4ff23a046,system_permissions_device,Screen-brightness/tint overlay controls,fixed_source_public_documentation,android_package_manager;macos_today,partial_shared_ui_hypothesis,Display permissions and actual system rendering,"none; no apps, agents or evaluators run",True
macos/ttlapp-time-to-leave,macos,https://github.com/TTLApp/time-to-leave,6a471d9d4effa626bc88dad5ba39d5db6638cb63,timing_state,Working-hours tracker and time-to-leave display,fixed_source_public_documentation,android_activity_diary,partial_shared_ui_hypothesis,"Wall-clock, attendance arithmetic and notifications","none; no apps, agents or evaluators run",True
macos/vincode-io-zavala,macos,https://github.com/vincode-io/Zavala,b2c2aec1477d0b382dd4a2310beee17a7bc5a5d4,text_code_knowledge,Outliner and nested document organization,fixed_source_public_documentation,macos_hexfiend;web_stackedit,partial_shared_ui_hypothesis,"Outline operations, export and document format","none; no apps, agents or evaluators run",True
macos/wealthfolio-wealthfolio,macos,https://github.com/wealthfolio/wealthfolio,3929a961631eda965fcb61e7c700258885fc6bc1,structured_records_tasks,Local investment and portfolio tracking,fixed_source_public_documentation,macos_today;android_activity_diary;android_family_gem,partial_shared_ui_hypothesis,"Financial calculations, external prices and charts","none; no apps, agents or evaluators run",True
macos/ygsgdbd-typeswitch,macos,https://github.com/ygsgdbd/TypeSwitch,b81c1673ebe47a0caf934506143d06d1b4285498,system_permissions_device,Application-specific input-source switching,fixed_source_public_documentation,android_package_manager;macos_today,partial_shared_ui_hypothesis,"IME hooks, native permissions and focus changes","none; no apps, agents or evaluators run",True
macos/zotero-zotero,macos,https://github.com/zotero/zotero,615ba3c1789e790f6bd84f7735ac4973a688495b,text_code_knowledge,Reference library and citation organization,fixed_source_public_documentation,macos_hexfiend;web_stackedit,partial_shared_ui_hypothesis,"Citation formats, attachments and literature metadata","none; no apps, agents or evaluators run",True
android/acclorite-book-story,android,https://github.com/Acclorite/book-story,b0ab7d320aed903b56be6eff47b0049b8a7e48bf,text_code_knowledge,Local e-book library and reading GUI,fixed_source_public_documentation,macos_hexfiend;web_stackedit,partial_shared_ui_hypothesis,Reading layout and book-format parsing,"none; no apps, agents or evaluators run",True
android/alialbaali-noto,android,https://github.com/alialbaali/Noto,a1863c169f12d6852edc1c03d080a050647d3964,text_code_knowledge,Local note organization,fixed_source_public_documentation,macos_hexfiend;web_stackedit,partial_shared_ui_hypothesis,"Note formatting, folders and editor details","none; no apps, agents or evaluators run",True
android/andreynovikov-trekarta,android,https://github.com/andreynovikov/trekarta,5a305d56fa6330cb435de7d871c6eac440597c64,sensors_navigation,"Offline maps, places and GPX/KML tracks",fixed_source_public_documentation,,unknown_core_coverage,"GPS/background recording, maps and coordinate calculations","none; no apps, agents or evaluators run",True
android/anilbeesetti-nextplayer,android,https://github.com/anilbeesetti/nextplayer,0c471064198f2655efa6138bf46ea8cabd56e8a0,media_playback,Local video player,fixed_source_public_documentation,android_fossify_gallery,partial_shared_ui_hypothesis,"Seek/pause/resume, codec and playback lifecycle","none; no apps, agents or evaluators run",True
android/anysoftkeyboard-anysoftkeyboard,android,https://github.com/AnySoftKeyboard/AnySoftKeyboard,56bb1f0f28481b377d40dd3c174bc384b959f871,system_permissions_device,Android multi-language keyboard,fixed_source_public_documentation,android_package_manager;macos_today,partial_shared_ui_hypothesis,"IME lifecycle, composing text and input-method settings","none; no apps, agents or evaluators run",True
android/beemdevelopment-aegis,android,https://github.com/beemdevelopment/Aegis,59d5c640d6a2d0d16f243dbdd735758eed65bc63,security,Authenticator token vault,fixed_source_public_documentation,,unknown_core_coverage,"OTP generation, encrypted backup and vault key behavior","none; no apps, agents or evaluators run",True
android/blastrock-kakugo,android,https://github.com/blastrock/kakugo,c00becb046949fc53aac98eae8f3c461bc30038d,games_rules,Japanese script/vocabulary quizzes and spaced repetition,fixed_source_public_documentation,android_shattered_pixel_dungeon,partial_shared_ui_hypothesis,Quiz content and repetition scheduling; game transfer is limited to state probing,"none; no apps, agents or evaluators run",True
android/brodeurlv-fastnfitness,android,https://github.com/brodeurlv/fastnfitness,27935ec232f1a46577e9099511bab634c1aaf719,structured_records_tasks,Fitness workout records and charts,fixed_source_public_documentation,macos_today;android_activity_diary;android_family_gem,partial_shared_ui_hypothesis,"Exercise metrics, timers and graph behavior","none; no apps, agents or evaluators run",True
android/chrisboyle-sgtpuzzles,android,https://github.com/chrisboyle/sgtpuzzles,d1e10eb57dd80af4999e698a9ab31f546e9a0b9d,games_rules,Collection of single-player logic puzzles,fixed_source_public_documentation,android_shattered_pixel_dungeon,partial_shared_ui_hypothesis,"Each puzzle's rules, reset and solved-state contract","none; no apps, agents or evaluators run",True
android/cyb3rko-flashdim,android,https://github.com/cyb3rko/flashdim,d77be03215acd7e124dea34d5a11649dd2a467c7,system_permissions_device,Flashlight brightness controls,fixed_source_public_documentation,android_package_manager;macos_today,partial_shared_ui_hypothesis,Camera torch capability and hardware brightness levels,"none; no apps, agents or evaluators run",True
android/dijia1124-plusplusbattery,android,https://github.com/dijia1124/plusplusbattery,a0053f88aceb75570756ee31b2b5adadd4d0fe90,system_permissions_device,Battery monitoring views,fixed_source_public_documentation,android_package_manager;macos_today,partial_shared_ui_hypothesis,Live battery status and device service behavior,"none; no apps, agents or evaluators run",True
android/dimowner-audiorecorder,android,https://github.com/Dimowner/AudioRecorder,81dddfbb8a31868a5eae0fd1e9c5acb8744b8507,media_artifacts,Audio recording and recording-file management,fixed_source_public_documentation,macos_gifski;android_fossify_gallery;web_minipaint,partial_shared_ui_hypothesis,"Microphone permission, live capture and audio transport","none; no apps, agents or evaluators run",True
android/dozingcat-vector-pinball,android,https://github.com/dozingcat/Vector-Pinball,977529b52494ad800c5283173d231f8f58d24a9a,games_rules,Pinball game with physics/state,fixed_source_public_documentation,android_shattered_pixel_dungeon,partial_shared_ui_hypothesis,"Physics timing, controls and score transitions","none; no apps, agents or evaluators run",True
android/dsandler-markers,android,https://github.com/dsandler/markers,f93a42e664d506715db18b8de1e08a6ad3b41aa3,media_artifacts,Official current repository describes pressure-sensitive touch drawing,current_public_identity_only,macos_gifski;android_fossify_gallery;web_minipaint,partial_shared_ui_hypothesis,Fixed README absent; pressure input and raster drawing need runtime observation,"none; no apps, agents or evaluators run",True
android/enricocid-music-player-go,android,https://github.com/enricocid/Music-Player-GO,947709e4c798a103b9fcc5962172f2e85d349196,media_playback,Local music player and library,fixed_source_public_documentation,android_fossify_gallery,partial_shared_ui_hypothesis,"Seek/pause/resume, audio focus and background transport","none; no apps, agents or evaluators run",True
android/etar-group-etar-calendar,android,https://github.com/etar-group/etar-calendar,2b8e143063b1ae2691d753ae2e10e205c325089f,timing_state,Calendar and event organization,fixed_source_public_documentation,android_activity_diary,partial_shared_ui_hypothesis,"Timezones, recurring events and CalendarProvider","none; no apps, agents or evaluators run",True
android/firebirdberlin-nightdream,android,https://github.com/firebirdberlin/nightdream,be54bc7d0913b86a2966d94150a50ffd6afc0428,timing_state,Clock/screensaver displays,fixed_source_public_documentation,android_activity_diary,partial_shared_ui_hypothesis,"Wall-clock display, brightness and lifecycle","none; no apps, agents or evaluators run",True
android/florisboard-florisboard,android,https://github.com/florisboard/florisboard,2a44855c7fcce943a2d3b2092fe45808037ad258,system_permissions_device,On-screen keyboard and input-method settings,fixed_source_public_documentation,android_package_manager;macos_today,partial_shared_ui_hypothesis,IME protocol and composition state,"none; no apps, agents or evaluators run",True
android/flxapps-detoxdroid,android,https://github.com/flxapps/detoxdroid,7b52d6c0748f951020fd5d7abddad63ebd3911d2,system_permissions_device,"Grayscale, distraction controls and app restrictions",fixed_source_public_documentation,android_package_manager;macos_today,partial_shared_ui_hypothesis,"System settings, DND and app-state mutation","none; no apps, agents or evaluators run",True
android/goodtime-productivity-goodtime,android,https://github.com/goodtime-productivity/Goodtime,0932089b5f3a838a1b2b2bfa1c1c57c59efbbd76,timing_state,Pomodoro productivity timer,fixed_source_public_documentation,android_activity_diary,partial_shared_ui_hypothesis,"Countdown/pause/resume, notifications and elapsed time","none; no apps, agents or evaluators run",True
android/gymloga-gymloga-android,android,https://github.com/gymloga/gymloga-android,e9fa46331f17868a8918ffd759e5d296f6766506,structured_records_tasks,Workout logging and personal records,fixed_source_public_documentation,macos_today;android_activity_diary;android_family_gem,partial_shared_ui_hypothesis,"Exercise schema, record aggregation and charts","none; no apps, agents or evaluators run",True
android/hamza417-inure,android,https://github.com/Hamza417/Inure,fdde733d5a367ae66c366726ae449dc7148fd631,system_permissions_device,Installed-app and package management GUI,fixed_source_public_documentation,android_package_manager;macos_today,partial_shared_ui_hypothesis,Permission/detail subset plausible; root/system mutations not covered,"none; no apps, agents or evaluators run",True
android/imtiaz-official-smart-edge,android,https://github.com/imtiaz-official/smart-edge,c54beef6ae1a77ab8499df6c6a2a55b629da143b,system_permissions_device,Edge/side-panel launch and gesture controls,fixed_source_public_documentation,android_package_manager;macos_today,partial_shared_ui_hypothesis,"Overlay permission, edge gestures and app launch lifecycle","none; no apps, agents or evaluators run",True
android/jannis-fitotrack,android,https://codeberg.org/jannis/FitoTrack,529f286d2f6480889eb0fbbcc5a86047e8752bf6,sensors_navigation,"Workout tracking with routes, duration, distance and speed diagrams",fixed_source_public_documentation,,unknown_core_coverage,GPS/background sensor state and numerical chart behavior,"none; no apps, agents or evaluators run",True
android/kin69-easynotes,android,https://github.com/Kin69/EasyNotes,b242f98aadd936b16d1b0fa222c718c36ea5318f,text_code_knowledge,Markdown notes and encrypted notes vault,fixed_source_public_documentation,macos_hexfiend;web_stackedit,partial_shared_ui_hypothesis,Markdown rendering and encrypted-vault behavior,"none; no apps, agents or evaluators run",True
android/kylecorry31-trail-sense,android,https://github.com/kylecorry31/trail-sense,b967e1435b1442055c1c6f2bb55484783e748c6a,sensors_navigation,Offline outdoor sensor/navigation tools,fixed_source_public_documentation,,unknown_core_coverage,"Device sensors, geospatial computations and calibration","none; no apps, agents or evaluators run",True
android/lexica-lexica,android,https://github.com/lexica/lexica,ed146e673ff1695f107295fefb7bc0d83fbe2c45,games_rules,Word-grid game,fixed_source_public_documentation,android_shattered_pixel_dungeon,partial_shared_ui_hypothesis,Dictionary/word validity and score rules,"none; no apps, agents or evaluators run",True
android/lucasnlm-antimine-android,android,https://github.com/lucasnlm/antimine-android,86400370a7b7bd8e27ccc6520065c6b68d64b8f2,games_rules,Minesweeper game,fixed_source_public_documentation,android_shattered_pixel_dungeon,partial_shared_ui_hypothesis,"Mine placement, flagging and win/loss rules","none; no apps, agents or evaluators run",True
android/markusfisch-shadereditor,android,https://github.com/markusfisch/ShaderEditor,75599ee01afdbeee070138e98d4b745ffcad20bd,media_artifacts,Shader editor and live-wallpaper rendering,fixed_source_public_documentation,macos_gifski;android_fossify_gallery;web_minipaint,partial_shared_ui_hypothesis,"GLSL compilation, GPU rendering and wallpaper lifecycle","none; no apps, agents or evaluators run",True
android/mhss1-mybrain,android,https://github.com/mhss1/MyBrain,a49727cbec0e686edb82f447b2984ecb674d3edf,structured_records_tasks,"Tasks, notes and knowledge organization",fixed_source_public_documentation,macos_today;android_activity_diary;android_family_gem,partial_shared_ui_hypothesis,Full scheduling and linked-record semantics,"none; no apps, agents or evaluators run",True
android/nitishgadangi-privacy-indicator-app,android,https://github.com/nitishgadangi/privacy-indicator-app,8e0db14b9188e2df26d2859dad99b6584fafac9a,system_permissions_device,Camera/microphone privacy indicators,fixed_source_public_documentation,android_package_manager;macos_today,partial_shared_ui_hypothesis,Live privacy events and service permissions,"none; no apps, agents or evaluators run",True
android/nsh07-tomato,android,https://github.com/nsh07/Tomato,629fcdb807c1148d1b801ac5964ee71e8914d5ed,timing_state,Pomodoro timer,fixed_source_public_documentation,android_activity_diary,partial_shared_ui_hypothesis,"Countdown, pause/resume and session state","none; no apps, agents or evaluators run",True
android/oliexdev-openscale,android,https://github.com/oliexdev/openscale,939143c9369d5533f265f121d50fc0a9f58e9b75,structured_records_tasks,Body/weight measurement history and charts,fixed_source_public_documentation,macos_today;android_activity_diary;android_family_gem,partial_shared_ui_hypothesis,"Bluetooth scale data, health calculations and graph behavior","none; no apps, agents or evaluators run",True
android/patzly-doodle-android,android,https://github.com/patzly/doodle-android,4f98c3ec9fadfddf7afb312e4dcd5a01c6617e9f,system_permissions_device,"Live wallpaper themes, animation and battery behavior",fixed_source_public_documentation,android_package_manager;macos_today,partial_shared_ui_hypothesis,Wallpaper service/animation lifecycle; this is not a drawing canvas,"none; no apps, agents or evaluators run",True
android/razeeman-android-simpletimetracker,android,https://github.com/Razeeman/Android-SimpleTimeTracker,305527cc680fd3a01a511972ef796cf7bf2ea685,timing_state,Activity duration tracking and statistics,fixed_source_public_documentation,android_activity_diary,partial_shared_ui_hypothesis,"Concurrent timers, elapsed time and aggregation","none; no apps, agents or evaluators run",True
android/rbn-apps-quick-tile-settings,android,https://github.com/rbn-apps/quick-tile-settings,77e60ae1b903e5965df8d4742015c2e205661fcf,system_permissions_device,Quick-settings tiles and device toggles,fixed_source_public_documentation,android_package_manager;macos_today,partial_shared_ui_hypothesis,"OS permissions, settings intents and actual toggle state","none; no apps, agents or evaluators run",True
android/rozpierog-cofi,android,https://github.com/rozPierog/Cofi,85fc3d9b1e72aff1682b9a10d01c00b1f5ba1885,timing_state,Coffee-brew timer with configurable timing and picture-in-picture,fixed_source_public_documentation,android_activity_diary,partial_shared_ui_hypothesis,"Countdown/steps, PIP and timer lifecycle","none; no apps, agents or evaluators run",True
android/secuso-privacy-friendly-2048,android,https://github.com/SecUSo/privacy-friendly-2048,4ee3cf356376c1f8905f81a02ffc9f37b3db6c96,games_rules,2048 number-merging board,fixed_source_public_documentation,android_shattered_pixel_dungeon,partial_shared_ui_hypothesis,"Merge ordering, score and terminal-state rules","none; no apps, agents or evaluators run",True
android/secuso-privacy-friendly-pedometer,android,https://github.com/SecUSo/privacy-friendly-pedometer,c38c60a31691b07fbda7efdd9b4cd9d6b85fddd8,sensors_navigation,Step counting and movement statistics,fixed_source_public_documentation,,unknown_core_coverage,Step sensor availability and background tracking,"none; no apps, agents or evaluators run",True
android/secuso-privacy-friendly-sudoku,android,https://github.com/SecUSo/privacy-friendly-sudoku,17fa5880ef6c81f6da52617dc9ea794a452f5568,games_rules,Sudoku board and solving interaction,fixed_source_public_documentation,android_shattered_pixel_dungeon,partial_shared_ui_hypothesis,"Sudoku validation, candidates and solved-state rules","none; no apps, agents or evaluators run",True
android/swati4star-images-to-pdf,android,https://github.com/swati4star/images-to-pdf,54576589b0c410a07a986ec317b643c7ba14597e,media_artifacts,Image-to-PDF and document conversion GUI,fixed_source_public_documentation,macos_gifski;android_fossify_gallery;web_minipaint,partial_shared_ui_hypothesis,"PDF page order, image processing and file export","none; no apps, agents or evaluators run",True
android/teamamaze-amazefilemanager,android,https://github.com/TeamAmaze/AmazeFileManager,e28d3751a5003aa2299cb2222a998d0ecd3cf5c7,files_search_archive,File browsing and local file operations,fixed_source_public_documentation,macos_hexfiend;android_fossify_gallery,partial_shared_ui_hypothesis,"Filesystem permissions, archive and mutation behavior","none; no apps, agents or evaluators run",True
android/tom-murphy-development-fasttimes,android,https://github.com/tom-murphy-development/FastTimes,cb951255b998a31ada7e3181aeb304dd89880a73,timing_state,"Intermittent-fasting tracker with start/stop/adjust goals, background progress and history",fixed_source_public_documentation,android_activity_diary,partial_shared_ui_hypothesis,"Fasting goals, countdown/elapsed-time, background lifecycle and streak/statistics rules","none; no apps, agents or evaluators run",True
android/tristinbaker-idlefantasy,android,https://github.com/tristinbaker/idlefantasy,f1cab31f69de01ea95bf1e5e8cce96cdd00fd44c,games_rules,Offline idle RPG and progression state,fixed_source_public_documentation,android_shattered_pixel_dungeon,partial_shared_ui_hypothesis,"Idle timing, combat and economy progression","none; no apps, agents or evaluators run",True
android/urikdev-urik,android,https://github.com/urikdev/urik,0d3a9aca3304d61029ce9639cd7ac6b61b30b870,system_permissions_device,Android keyboard and typing interface,fixed_source_public_documentation,android_package_manager;macos_today,partial_shared_ui_hypothesis,"IME protocol, text composition and keyboard lifecycle","none; no apps, agents or evaluators run",True
android/v1tzor-timeplanner,android,https://github.com/v1tzor/TimePlanner,945b222df2b7a7e559751a1efddd3c18aa30b17e,timing_state,Time planning and tracked activities,fixed_source_public_documentation,android_activity_diary,partial_shared_ui_hypothesis,"Planning/timezone, duration and notification rules","none; no apps, agents or evaluators run",True
android/wewewe718-qrandbarcodescanner,android,https://github.com/wewewe718/qrandbarcodescanner,da922e7b96906ec55a7437733378e850ca9262f7,media_artifacts,"QR/barcode scan, generate and saved results",fixed_source_public_documentation,macos_gifski;android_fossify_gallery;web_minipaint,partial_shared_ui_hypothesis,"Camera permission, code decoding and exact encoding","none; no apps, agents or evaluators run",True
android/woheller69-arity,android,https://github.com/woheller69/Arity,fe8c7cdbc13204353cc2ae8072657cf3505d423e,numeric_transform,Scientific calculator and expression graphing,fixed_source_public_documentation,android_opencalc;macos_hexfiend,partial_shared_ui_hypothesis,Graphing and complex-number semantics remain unknown,"none; no apps, agents or evaluators run",True
android/you-apps-calcyou,android,https://github.com/you-apps/CalcYou,bb9905a78ce8bf7f6f5c7112c31dcb9a8705f221,numeric_transform,Calculator and unit conversion,fixed_source_public_documentation,android_opencalc;macos_hexfiend,partial_shared_ui_hypothesis,"Unit catalog, conversion factors and exact formatting","none; no apps, agents or evaluators run",True
android/you-apps-connectyou,android,https://github.com/you-apps/ConnectYou,c4d5c5cf43740afe3d018712ce5f1d06efe688f9,structured_records_tasks,Contact and messaging views,fixed_source_public_documentation,macos_today;android_activity_diary;android_family_gem,partial_shared_ui_hypothesis,ContactsProvider/SMS permissions and system data mutations,"none; no apps, agents or evaluators run",True
