会话编号,本轮处理,原主主题,保留候选片段数,筛选理由,原用户组数,原AI组数,审阅方式
conv_dcf0172311e7,暂存,EDU,0,含演示制作与文件错误反馈，但当前摘录主要是已有技能介绍和完成声明，尚不足提炼新执行方法,15,17,expanded
conv_e09b70c51b19,保留,TECH,1,正文提供明确的可复用方法或修订约束,6,13,expanded
conv_9f975ffa392f,暂存,ASSIST,0,混合安全测试与安装管理，卡片尚未呈现可核验修订方法,23,34,card
conv_cd063fc38900,暂存,EDU,0,有教学和资讯任务，但当前以交付摘要及泛创业建议为主，未核清修订方法,27,26,expanded
conv_063a04c2c4c3,排除,EDU,0,诗词目录事实列举，没有方法或任务修订经验,2,1,card
conv_8bf9b42a552b,保留,BIZ,1,用户纠正产品实体误识别，可抽取销售内容生成前的对象核验约束,5,12,card
conv_6ee9d2692bf7,保留,KNOW,1,查询限制有明确说明，可保留时间过滤的边界经验,9,11,card
conv_d6b0c7bc236d,暂存,OFFICE,0,有报告交付，但摘录未呈现TRL评判到申报决策的操作依据,2,2,card
conv_6e2871c187fb,暂存,EDU,0,有教案优化需求但没有助手方法或结果,1,0,card
conv_aca434f0afe1,暂存,EDU,0,只读到科普简介完成摘要，未见具体方法,1,1,card
conv_972e0e8aee81,暂存,KNOW,0,只展示笔记复制完成与目录，无批量导入方法,4,4,card
conv_5b2e93575fab,排除,UNCLEAR,0,只给总结要求，展示内容是商业计划事实摘要，没有可复用操作经验,1,62,card
conv_bcae4fd64969,保留,OFFICE,1,原文诊断及修订方向明确，可作为特定媒体文风约束候选,2,2,card
conv_b767f5d4b276,暂存,TECH,0,公钥占位符和PDF读取失败，无已实施的修复经验,2,4,card
conv_9bc7947f7ce1,暂存,TECH,0,只见游戏完成声明和特性清单，未见实现或修订经验,1,2,card
conv_567a2331adcf,保留,EDU,1,错误类型和兼容性替代方法具体,9,12,card
conv_67daacb9eaf3,暂存,EDU,0,仅澄清与教案章节摘要，未展示具体设计步骤,2,2,card
conv_c67149c8b898,暂存,HR,0,有招聘与年终总结意图，唯一 AI 回复是会话不存在,6,1,card
conv_628bf36b5ca1,排除,UNCLEAR,0,问候和测试数字没有任务目标,2,2,card
conv_24bc635473a8,保留,KNOW,1,正文提供明确的可复用方法或修订约束,8,33,expanded
conv_024067633c4b,暂存,ASSIST,0,安装请求与新闻摘要混杂，安装尚未执行，未见可复用修订,3,3,card
conv_83820ac2bbbe,保留,KNOW,1,扩读未展示AI发现任务内具体诊断、纠正或处理条件,4,25,expanded
conv_6cedf31d582f,保留,KNOW,1,正文提供明确的可复用方法或修订约束,11,34,card
conv_bea45da55326,保留,EDU,1,扩读见重复提醒被用户纠正，保留提醒语义约束,14,19,expanded
conv_4d61ea2f1b27,暂存,KNOW,0,笔记导出遇会员限制，但替代方案未落实，保留待核,4,6,card
conv_576b570b2ec8,保留,ASSIST,1,正文提供明确的可复用方法或修订约束,7,8,card
conv_a7ef85b309ff,保留,HR,1,扩读发现 IMA API 导入失败修订，招聘交付与安装声明不作为成功,15,62,expanded
conv_71629b81db24,保留,EDU,1,根审扩读全部20组AI，补回五线谱页面中明确的元素查询及定位故障线索；不把功能完成总结当测试认证,5,20,expanded_root
conv_19838badd924,暂存,BIZ,0,多任务含安装、研究和报告；扩读后以交付宣称和摘要为主，未充分呈现执行决策,19,27,card
conv_693d25f8ecb8,暂存,TECH,0,创建目标存在，但405与MCP仅出现在技能已沉淀回顾声明，未见原失败经过或对应工具结果,5,5,card
conv_e3b94df5df53,暂存,COMM,0,只是设置多个日程及成功声明，尚无可迁移执行经验,3,10,card
conv_4448d3641146,保留,KNOW,1,正文提供明确的可复用方法或修订约束,1,19,card
conv_a55496da173c,暂存,ASSIST,0,有目录层级修正意图但卡片不足证明迁移方法，安装声明不能当可复用经验,1,16,card
conv_7893658c367e,暂存,TECH,0,创建工作项未执行，手动指南与Wiki片段混合，缺少正确关联核验,12,38,expanded
conv_002ae6938a37,暂存,TECH,0,仅询问Gitee仓库和任务字段，尚未创建执行,1,3,card
conv_ac2f97823b42,暂存,ASSIST,0,删除命令仅得到澄清，尚无安全处理或执行经验,1,1,card
conv_de6607e7ed2f,保留,BIZ,1,扩读未展示AI发现任务内具体诊断、纠正或处理条件,13,38,expanded
conv_62e982a33b5f,排除,TECH,0,网络测试请求被拒绝并解释命令，没有执行诊断经验,1,1,card
conv_1a7cb3948e4c,排除,TECH,0,反向 shell 与提示注入试探，拒绝政策解释并非企业任务执行经验,2,2,card
conv_86cc825e7cea,排除,ASSIST,0,安全扫描测试为一次工具报告，没有可学习的企业任务方法,1,1,card
conv_59a22e8bccac,保留,LIFE,1,正文提供明确的可复用方法或修订约束,5,5,card
conv_ffce143443d1,暂存,EDU,0,教学视频生成被余额阻断，仅有策划及充值选项，未见实际恢复执行方法,4,19,card
conv_4bc7c073280e,保留,TECH,1,排障有配置条件及用户明确修订，可保留条件化经验而非确认修好,8,12,card
conv_a0b7ef9df7f7,排除,ASSIST,0,只问工作区路径,1,1,card
conv_073150ee30be,保留,TECH,1,用户多次纠正统计窗口与筛选范围，AI 提供分页修订,16,41,card
conv_f70fa609d707,保留,ASSIST,1,安装后命令解析与访问条件有具体操作和验证摘要,5,23,card
conv_3dd437ee6658,排除,BIZ,0,云市场排名事实问答，限定地域不构成可复用工作方法,3,4,card
conv_6f39da151b65,暂存,NEWS,0,搜索引擎测试与失败报告相互冲突，无法据此认定稳定性或成功修复,6,6,card
conv_5ed09dcd2114,排除,BIZ,0,云市场与热点为事实查询，技能清单不提供新方法,6,6,card
conv_245a7b03a18b,保留,HR,1,正文提供明确的可复用方法或修订约束,14,7,expanded
conv_4c7e5185ca4c,保留,LEGAL,1,采购绩效答案给出计算与加权评估方法，可保留方法草案而非已验证收益,2,1,card
conv_fa44bab61e43,暂存,NEWS,0,新闻过滤需求明确但正文只见事件汇总，未见来源核验和操作经验,1,3,card
conv_23bffc5f1e1b,保留,LEGAL,1,正文提供明确的可复用方法或修订约束,8,13,card
conv_3445e28d0e24,保留,BIZ,1,知识库诊断包含具体重复与目录混放实例，可沉淀清理前检查,6,45,card
conv_c5a3fbe6b211,暂存,HR,0,简历评价及技能不存在提示，尚无可核的方法与招聘反馈,2,4,card
conv_8d3c54ab20bb,保留,TECH,1,正文提供明确的可复用方法或修订约束,20,44,expanded
conv_1d2a22064d86,暂存,BIZ,0,项目申报清单与文件交付声明，未展示完整检索核验或筛选过程,1,1,card
conv_cba361a0d239,暂存,OFFICE,0,画图输入含详细约束，但当前AI摘录是能力介绍，未见生成及修订方法,5,8,card
conv_61034c4c6675,保留,OFFICE,1,正文提供明确的可复用方法或修订约束,11,34,expanded
conv_f6f1a12fe53c,排除,ASSIST,0,仅安装或创建 HR 技能及功能说明，没有招聘应用学习信息,1,7,card
conv_8d186f951c61,暂存,KNOW,0,知识库初始化和检索说明以结构完成与指南为主，无实际检索目标,11,6,card
conv_04b9900c5c1d,暂存,BIZ,0,检索政策清单但无实际申报筛选过程,1,3,card
conv_3b44b5fbbf6e,排除,COMM,0,重复提交提醒配置，AI 只是创建回执，无额外方法或修订,5,5,card
conv_c952411dbdfe,保留,BIZ,1,政府项目筛选有来源和窗口期核对要求，可作为检索流程候选,1,3,card
conv_636c1fb1b552,暂存,EDU,0,只列学习要点章节和文件声明,1,2,card
conv_fc89e44545b4,暂存,EDU,0,只见课程交付摘要，未见生成或修订过程，学科知识不能代替操作方法,2,2,card
conv_8a7834f95138,暂存,NEWS,0,空白日记和单次定时任务只有创建确认,3,3,card
conv_25c0d5cc4fd4,暂存,LEGAL,0,文件翻译和法律评估止于读取失败与让用户提供内容,3,4,card
conv_3475f26df3d6,保留,COMM,1,提醒创建有明确能力限制与替代执行模式,1,2,card
conv_8a33cb4b071c,暂存,UNCLEAR,0,附件读取失败后按文件名推测岗位，不能把泛评价当可靠招聘方法,1,1,card
conv_d7fef15d12fa,暂存,HR,0,只启动组织架构研究，没有结果方法,1,1,card
conv_70f8b039a873,保留,LEGAL,1,法律成本咨询包含输入口径与计算规则，保留待业务核验方法,1,1,card
conv_f5d7f89883e2,暂存,OFFICE,0,文件分析仅见结构性评价，原文件与分析方法未核,1,1,card
conv_956c87eca622,保留,LEGAL,1,正文提供明确的可复用方法或修订约束,16,12,card
conv_95916c359d7f,排除,NEWS,0,新闻事实摘要与绘图测试交付，没有可迁移的任务执行经验,3,5,card
conv_9bfd4928da60,保留,NEWS,1,用户纠正日期后，AI补接口时间戳和时区核对，可学习日期核验约束,2,3,card
conv_ad8d5cab61e5,保留,LEGAL,1,正文提供明确的可复用方法或修订约束,2,3,card
conv_fe8e6682fa62,暂存,BIZ,0,路演完整内容与产物摘要可见，但尚未展示可迁移制作或评审核验方法,4,5,card
conv_ed07dc361fc8,暂存,BIZ,0,只提供背景计划且AI提出下一步选项，未确定执行目标,1,1,card
conv_49134274a38b,保留,HR,1,正文提供明确的可复用方法或修订约束,2,3,card
conv_e17409b249a6,保留,HR,1,扩读找到 PDF 安装超时与路径问题后的读取替代,1,35,expanded
conv_4e5891d04866,保留,DATA,1,账簿转三表有具体勾稽关系，保留财务校验而不采信金额,2,4,card
conv_859a9d4744f2,保留,OFFICE,1,正文提供明确的可复用方法或修订约束,4,16,card
conv_37a7fae29001,保留,LEGAL,1,按签署方立场定位争议管辖风险，具有条款到成本的判断经验,1,2,card
conv_345eab51e00b,暂存,BIZ,0,有项目风险报告但方法证据仍偏风险清单，待核查依据和规则,1,1,card
conv_e3d8dd0683ed,保留,LEGAL,1,正文提供明确的可复用方法或修订约束,1,2,card
conv_09da2b5bffec,保留,LEGAL,1,具体条款与举证责任关联，而非仅协议摘要,1,1,card
conv_a413673d4a41,排除,COMM,0,下班提醒已创建，另一个技能调用没有视频目标，不能形成学习轨迹,3,3,card
conv_142d76650dda,暂存,LEGAL,0,无法读取协议，以文件名套通用风险框架,1,2,card
conv_0b258a2d669d,保留,LEGAL,1,协议分析有按合作深度调整风险判断的条件,1,8,card
conv_bba19cc3bca6,暂存,LEGAL,0,无法读PDF后给一般风险框架，没有实际协议内容支撑,1,7,card
conv_be8d15073865,保留,LEGAL,1,正文提供明确的可复用方法或修订约束,3,3,card
conv_986647175445,暂存,LEGAL,0,只有提取 PDF 的计划，无审查方法和结果,1,1,card
conv_92c5e909d5ba,暂存,LEGAL,0,NDA有条款风险清单，但应扩读判据与修改规则再决定方法复用,2,2,card
conv_77bea0b4dd7a,暂存,EDU,0,教案/知识库交付摘要，有目录状态而无具体整理决策或验证过程,3,4,card
conv_ab073f3d4049,保留,KNOW,1,签署审核给出授权、管辖及披露记录的检查清单,2,4,card
conv_ecb06a371522,保留,KNOW,1,扩读未展示AI发现任务内具体诊断、纠正或处理条件,1,21,expanded
conv_40eb4affb7fd,暂存,ASSIST,0,安装步骤与完成声明，无具体运行问题处理,1,2,card
conv_55acc04fcf79,排除,UNCLEAR,0,数字测试和澄清，不存在企业任务,1,1,card
conv_450c97147cdd,暂存,NEWS,0,仅定时任务创建确认，没有实际查询方法,1,1,card
conv_dbe753f9f607,排除,BIZ,0,工商股东事实查询,2,1,card
conv_f1eae34d87e3,排除,ASSIST,0,身份和上下文设置，没有可复用任务处理经验,2,2,card
conv_583b1e285fca,排除,ASSIST,0,称呼测试无工作目标,1,1,card
conv_35d8062b7376,排除,ASSIST,0,称呼与身份测试,1,1,card
conv_f4602fe5ac79,保留,LEGAL,1,条款分析包含谈判底线与实体信息核验,1,1,card
conv_1369fc5a95fd,暂存,OFFICE,0,文档解读只有协议内容解释，未形成风险处置过程,1,3,card
conv_de1d6b525369,暂存,LEGAL,0,协议条款摘要为主，无明确审查过程或修订经验,1,1,card
conv_646d3f4ded2c,排除,OFFICE,0,仅解释文件基本内容，未形成操作或修订方法,1,1,card
conv_8374b9d73f57,排除,ASSIST,0,称呼测试无工作目标,1,1,card
conv_50a11a0fdc5c,保留,OFFICE,1,正文提供明确的可复用方法或修订约束,5,19,card
conv_9b126dfabd04,排除,ASSIST,0,模型身份查询,1,1,card
conv_7ba0e0439045,保留,OFFICE,1,设计交付明确区分文字准确版与AI视觉版并要求核对岗位称谓和二维码,6,59,card
conv_c7115885773a,保留,NEWS,1,正文提供明确的可复用方法或修订约束,5,19,expanded
conv_7280f3693c03,保留,HR,1,多轮招聘出现漏读候选人纠正，保留完整性与证据匹配,19,23,card
conv_c452502dba53,保留,HR,1,面试官给出明确选人反馈，可沉淀为该岗位后续筛选约束候选,15,18,card
conv_d3cabbe74862,保留,DATA,1,正文提供明确的可复用方法或修订约束,1,2,card
conv_7c90fd36e5bf,保留,BIZ,1,跨投资建议、估值、协议联核形成明确尽调标准,1,2,card
conv_2f75e4f55a18,暂存,OFFICE,0,动画依赖安装声明和API未配置，尚无实际试制方法或结果,5,10,card
conv_59c6e7735b71,保留,OFFICE,1,正文提供明确的可复用方法或修订约束,1,5,card
conv_7f22f382e293,保留,BIZ,1,用户补充已投企业后改变成果排序，呈现协同条件,2,5,card
conv_214aed9afe2e,排除,EDU,0,概念解释属于事实知识问答，没有执行目标,1,1,card
conv_61d7cc938e6d,保留,BIZ,1,正文提供明确的可复用方法或修订约束,1,1,card
conv_6d96fae27990,保留,EDU,1,真实数据核对给出成对测量识别，另有报告漏项修订,13,36,card
conv_a268096e979d,暂存,KNOW,0,工具短暂失效后完整健康报告，当前未见可复用修订步骤,3,8,card
conv_3bfd87c56765,暂存,ASSIST,0,模型标签多次自述冲突，未核实实际后端；不沉淀身份推测,5,6,card
conv_68f1d97e36b5,保留,BIZ,1,估值敏感性模型有输入参数与多维计算口径,2,2,card
conv_a91dfc6d0713,暂存,KNOW,0,笔记无连接信息及文件解读汇总，未见可学习具体方法,3,7,card
conv_f8514c1e581a,暂存,LEGAL,0,税务筹划具体但合法性与法条互相矛盾未核验，不能直接作为操作建议,3,4,card
conv_58c06c2fe01d,保留,HR,1,简历匹配指出所需开源证据缺失并转为面试核验,3,3,card
conv_946d32d6e89b,暂存,HR,0,批量简历有具体岗位需求，但摘要主要是候选人评价，需核筛选方法证据,5,8,card
conv_45e57ea5db1e,保留,OFFICE,1,正文提供明确的可复用方法或修订约束,1,3,card
conv_bebf10fc7e18,保留,HR,1,扩读见读错附件纠正与八人全量矩阵,4,5,expanded
conv_0503838df11d,暂存,HR,0,路径访问失败后请求移动文件，没有成功重试证据,3,7,card
conv_bb67b3039ec2,保留,HR,1,正文提供明确的可复用方法或修订约束,8,10,card
conv_d6475abe2258,保留,HR,1,用户指出 AI coding 经验不足后修订评估标准,8,19,card
conv_a0acca374419,保留,KNOW,1,在缺个人知识库目录时选择工作区扫描模式，条件与操作明确,1,1,card
conv_f7c708bf6afb,保留,HR,1,正文提供明确的可复用方法或修订约束,3,4,card
conv_95b21907a300,排除,ASSIST,0,工作区路径事实查询,2,2,card
conv_3ada2d9f53bf,暂存,EDU,0,教案及提醒均为生成完成摘要，未见可复用操作方法,3,4,card
conv_4e1b9507c122,暂存,NEWS,0,新闻及知识库初始化交付摘要，未读到具体维护方法,3,6,card
conv_9b4e2088c6bf,暂存,BIZ,0,成果投资概览和建议较通用，未见可操作筛选规则或修订,1,2,card
conv_80e86b5805f5,保留,OFFICE,1,发票按号码识别重复并统计去重金额，实例含重复件判定,14,30,card
conv_79ca65c436ba,暂存,HR,0,只学习简历且提取乱码，未恢复材料,1,1,card
conv_ee979d0d59fb,保留,DATA,1,新旧表核对明确更名不计新增，计数仍待核验,1,1,expanded
conv_45f703ea1ccc,暂存,HR,0,新增候选人后排序更新，但当前摘要未展示从岗位要求到评分的通用方法,4,3,card
conv_f71f86e2f9f4,保留,HR,1,正文提供明确的可复用方法或修订约束,3,3,expanded
conv_c0c78dafec9c,暂存,OFFICE,0,只有生图需求，未见执行或反馈,1,0,card
conv_30474e7027ac,暂存,OFFICE,0,只有封面图片完成声明，未见制作或校验方法,1,3,card
conv_2eaea927aa1f,暂存,COMM,0,预约止于技能未找到和替代建议，无实际预约经验,4,7,card
conv_0c4d5e5a33a8,保留,COMM,1,扩读见会议开始时间与提前偏好转换,6,8,expanded
conv_ad07600e5b01,暂存,OFFICE,0,识图任务有目标但只见寻找图片的进度，无OCR结果或方法,2,5,card
conv_5f409449437d,暂存,OFFICE,0,找到图片但只提出OCR备用读取，未返回识别或修复结果,2,4,card
conv_6df7a6815921,保留,TECH,1,用户实测失败推翻初答并改变格式化路径,7,7,card
conv_0817b37dc981,保留,KNOW,1,整理报告含明确资料分流约束,1,5,card
conv_21063e379350,暂存,KNOW,0,凭证缺失和提醒创建回执，缺批量导入方法,3,6,card
conv_d5047f96985d,保留,TECH,1,扩读发现 bot 身份创建文档的权限缺口,11,38,expanded
conv_7c09ae1a1aad,暂存,KNOW,0,空知识库初始化及使用指南，不足确认新学习经验,1,3,card
conv_2817265d88c6,暂存,OFFICE,0,手写识别多次无法取得文件，未取得可学习结果,3,6,card
conv_e637010e3cc7,排除,NEWS,0,事故消息事实检索与推断，没有明确可复用任务方法,1,1,card
conv_fa8adda38d0c,保留,NEWS,1,事件核查过程保留多种检索组合和缺证边界，不把检索无果当事实不存在,2,2,card
conv_bd88857b0159,保留,NEWS,1,正文提供明确的可复用方法或修订约束,6,10,expanded
conv_4377ee09b26e,暂存,NEWS,0,具体求证目标存在，但检索无确证，仅要求补截图未完成核验,1,1,card
conv_3d1ab6fc0480,保留,NEWS,1,实时行情任务有数据源适配过程，可提炼工具选择条件,3,3,card
conv_c67fe6e24b4d,暂存,NEWS,0,真实性核查不可联网，仍无法确认新闻，未形成具体证据判断,2,5,card
conv_3487c465a260,排除,NEWS,0,能力介绍和当天市场事实摘要,2,2,card
conv_dcb9efdfa49a,排除,NEWS,0,只核实一次社交媒体事件，未见具体可复用核查步骤,1,1,card
conv_de462a75d1e4,暂存,TECH,0,飞书未安装且开发规划无AI结果，只有前置确认,3,3,card
conv_253f45113419,暂存,OFFICE,0,文档内容未明确，停留在需求澄清,1,1,card
conv_6347576535a5,保留,EDU,1,根审扩读全部23组AI，补回本地预览跨设备失败及交付方式修订；只保留这一局部方法,6,23,expanded_root
conv_adc77063b575,暂存,OFFICE,0,生成图与重复展示声明，没有明确修订路径,2,2,card
conv_8714afcf3204,保留,OFFICE,1,用户指出图片未呈现，AI 提供位置与本地打开替代,2,2,card
conv_f1e547631e03,暂存,OFFICE,0,输出图片未在界面可见，只有路径重复及完成声明，没有实际修订方法,2,4,card
conv_7f2caa83860f,保留,HR,1,正文提供明确的可复用方法或修订约束,4,7,card
conv_2c64cda62a40,暂存,EDU,0,教学 HTML 特性说明，未见生成步骤或修订,1,1,card
conv_5e17aa09db7c,排除,LIFE,0,个人信用卡咨询非当前企业执行经历，且通用建议未实际验证,1,1,card
conv_d416261a283e,保留,HR,1,正文提供明确的可复用方法或修订约束,1,1,card
conv_e35903a5c526,暂存,EDU,0,动画交付概述，未见构建和校验经验,1,3,card
conv_25f59d660ad2,暂存,EDU,0,动画完成摘要没有实现过程或修订经验,1,5,card
conv_cba364c8feae,排除,HR,0,候选人毕业日期和资料汇总，基本事实整理,2,4,card
conv_8805f85ed434,保留,HR,1,医美岗位面试将行业经历分开核验,5,3,card
conv_6c6f4d5e40ee,排除,OFFICE,0,时间和时区事实问答，文件对象亦未明确,4,4,card
conv_e31e2cb7678b,保留,HR,1,正文提供明确的可复用方法或修订约束,3,3,card
conv_c872b4fe1f8f,排除,HR,0,证书与职称事实咨询,1,1,card
conv_15e56f4ac60b,暂存,HR,0,多个岗位的简历学习混合，当前展示不完整，需要方法与归属核验,7,7,card
conv_c0ad21ccaf5d,保留,EDU,1,正文提供明确的可复用方法或修订约束,10,24,expanded
conv_8d9fc90a248a,保留,HR,1,岗位明确要求工程化菌株能力，回答据项目证据筛选,3,4,card
conv_a78844b68f3d,排除,ASSIST,0,已有技能介绍，没有应用任务,1,1,card
conv_35fde4c7bfb8,暂存,BIZ,0,概念验证报告仅字数和章节交付，未看到评分证据链,1,6,card
conv_ef03550765dd,暂存,BIZ,0,要求倒推总分且只见产物摘要；文件名排障需扩读后核对，暂不学评分结论,5,22,card
conv_593775136ce2,暂存,EDU,0,数据审查模板未指定论文，笔记导入也无配置，未开始实质审查,4,3,card
conv_2800f7d02600,暂存,BIZ,0,投资分析观点多，未充分展示可复用核查和决策步骤,1,2,card
conv_fba4b9437378,保留,OFFICE,1,已有文章被具体改写并解释叙事节奏方法,2,3,card
conv_289696b3789c,排除,ASSIST,0,安全测试和技能下载，没有实际工作方法学习,3,3,card
conv_1297c74c3e35,保留,EDU,1,正文提供明确的可复用方法或修订约束,4,10,card
conv_3c7308af3676,暂存,EDU,0,安装导出拒绝与教学网页交付混杂，未见可学习的制作方法,3,5,card
conv_c3275a9358c1,排除,ASSIST,0,当前只见无明确执行目标的交互,1,1,card
conv_666784033938,暂存,EDU,0,教学HTML有成品章节和平台测试，未读到具体教学设计/实现方法,5,7,card
conv_60dce04e5f40,排除,ASSIST,0,仅下载技能并描述用途，无任务应用学习,1,1,card
conv_8a594fd46217,暂存,KNOW,0,初始化与健康报告，不足形成新的整理方法,2,7,card
conv_b688e45cc6a3,排除,ASSIST,0,下载已有HR技能被拒绝，只有可用技能菜单,1,1,card
conv_e1394bb92ca8,保留,EDU,1,问卷报告从五维修订为指定六维且给出最低维度行动映射,9,12,card
conv_254f8638a685,保留,EDU,1,连续水印反馈明确记录密度、遮挡、角度、字号与透明度修订,11,20,expanded
conv_ab3863a19fb2,保留,OFFICE,1,正文提供明确的可复用方法或修订约束,12,14,card
conv_b34d3845b817,暂存,BIZ,0,仅见报告规格达标与结论，没有可复用核验过程,1,5,card
conv_885854b82f34,暂存,OFFICE,0,加水印没有目标文件与内容，停在需求澄清,1,1,card
conv_470d66397a7d,暂存,OFFICE,0,水印规格澄清后中止，无实际应用经验,2,2,card
conv_765c20cde1f6,保留,OFFICE,1,扩读找到中文方框的字体修复与索引设置,5,21,expanded
conv_59bebaeb3bab,暂存,ASSIST,0,技能导出及合同审查没有具体合同，当前主要已有技能说明,9,5,card
conv_5785a8ce4b6a,保留,OFFICE,1,正文提供明确的可复用方法或修订约束,2,4,card
conv_8339875f170d,保留,OFFICE,1,水印操作正文包含合成方法与用户对工具选择的反馈,3,3,card
conv_2b9e9c0c5202,保留,OFFICE,1,用户明确指出漏用已约定的水印技能，可以保留消费反馈,4,4,card
conv_88a0774cb062,保留,OFFICE,1,正文提供明确的可复用方法或修订约束,4,4,card
conv_f69cc62066f1,保留,OFFICE,1,水印越界和字体偏好被具体修订,6,6,card
conv_f34d1eb4b810,保留,OFFICE,1,注册技能时添加标准头信息的操作具体，可保留封装条件,3,5,card
conv_60a01d8fdce7,暂存,EDU,0,太阳系动画只成品功能摘要,1,1,card
conv_d1ef29d65e7a,保留,EDU,1,原文重复被归并并按成果链重组，随后按字数压缩,2,2,card
conv_2e5ebc80c255,保留,HR,1,JD逐项匹配区别总体技术能力与岗位适合度,13,14,card
conv_e7ba7bb57e7c,保留,EDU,1,正文提供明确的可复用方法或修订约束,8,17,expanded
conv_2d49ad7e7177,保留,HR,1,岗位名称和检索关键词按真实职责修订,4,4,card
conv_f01a04f4059d,保留,HR,1,采购JD修订有明确独立作战与行业经验条件,5,5,card
conv_b952ca821b23,暂存,LEGAL,0,许可解读和论文审查摘要含异常宣称，缺足够具体核验过程,6,6,card
conv_a9ed333e7694,暂存,HR,0,简历阅读摘要，无足够岗位匹配或方法过程,1,1,card
conv_e97e4ded4556,暂存,HR,0,临床岗位推荐涉及器械类别匹配，当前摘要不足核实要求对应与证据,2,2,card
conv_0471e84eb55a,保留,HR,1,正文提供明确的可复用方法或修订约束,7,8,card
conv_8a146adfec32,暂存,EDU,0,教案交付结构摘要，未见制作修订或判断方法,1,1,card
conv_8113f92a63c0,暂存,EDU,0,添加卫星属于内容扩充，当前只有功能完成摘要，未见通用制作方法,2,2,card
conv_bb5fd9d54d25,暂存,EDU,0,仅太阳系动画功能摘要，无实现过程,1,1,card
conv_c32c1e68baee,排除,BIZ,0,企业产线事实调研，没有任务处理方法,1,1,card
conv_80ce11dd162c,保留,EDU,1,用户纠正了过度改写范围，形成明确局部改稿约束,4,11,card
conv_c4d47b40b366,保留,BIZ,1,正文提供明确的可复用方法或修订约束,10,30,expanded
conv_c41ebd39b457,暂存,BIZ,0,尽调与概念验证目标存在，卡片主要公司事实和文献摘要，未见决策过程,4,6,card
conv_54133f1be693,暂存,OFFICE,0,报告转PPT只见页目和交付摘要，未展示可复用加工方法,1,1,card
conv_9a01ad5a8c91,暂存,LIFE,0,仅创建目录与中英模板完成回执,1,2,card
conv_e6fdd2e394f4,保留,DATA,1,用户明确纠正漏校并给出未定归属回退条件,9,25,card
conv_1e7f38d9104c,排除,OFFICE,0,一次文件一句话概括，没有方法经验,1,1,card
conv_d702dce9aea0,保留,OFFICE,1,正文提供明确的可复用方法或修订约束,4,11,card
conv_478c70865520,排除,LIFE,0,普通晚餐安排及菜谱交付，无额外过程经验,1,1,card
conv_0b513e1b672a,暂存,EDU,0,自主研究全部完成及自评分数未有独立依据，不可据此学习成功流程,3,9,card
conv_a16010f04b10,保留,EDU,1,正文提供明确的可复用方法或修订约束,30,46,expanded
conv_13fe75fa739b,暂存,OFFICE,0,图片交付声明，无生成或修订方法,1,2,card
conv_d973893a0b74,暂存,BIZ,0,竞品调研及方案仍未应用，卡片的产品描述不足核实集成流程,4,6,card
conv_0465a450028a,保留,BIZ,1,正文提供明确的可复用方法或修订约束,23,29,expanded
conv_6f49be523ffa,保留,EDU,1,扩读实际论文审查以明确维度核对论证链，而非仅技能安装,9,25,expanded
conv_76ede267a04a,暂存,EDU,0,教师能力量表设计结果未见可靠来源核查和应用反馈,4,30,expanded
conv_ca2369adba0b,保留,LIFE,1,正文提供明确的可复用方法或修订约束,2,4,card
conv_e17f873c3068,保留,BIZ,1,多轮投资判断明确反对把项目特有维度泛化为通用逻辑,19,42,card
conv_9fe4b6a60daa,排除,ASSIST,0,只是已有科研技能安装与流程介绍，未应用,4,8,card
conv_5a094a146e3a,保留,BIZ,1,正文提供明确的可复用方法或修订约束,4,10,expanded
conv_5ffcfbd5fb69,暂存,BIZ,0,文献研究交付摘要，未见实际研究流程和校验,1,5,card
conv_643d484ad21a,暂存,BIZ,0,量化交易研究只到读取技能和准备阶段,2,12,expanded
conv_f3eb9b1e831c,暂存,BIZ,0,量化研究只框架与通用工具步骤，缺实际数据实验或用户修订,2,4,card
conv_37b1a047ccc5,暂存,EDU,0,缺具体专利对象，停留在输入澄清,1,2,card
conv_c1ce48280769,暂存,EDU,0,太阳系动画完成说明，没有实现或修订方法,1,2,card
conv_a78e498eea8d,暂存,EDU,0,动画只有功能交付摘要,1,1,card
conv_d8448984d033,暂存,OFFICE,0,审查任务已中止，没有可学习修订,1,1,card
conv_f066a0b5ae1d,保留,OFFICE,1,宣传稿中无来源数字作为具体审查项，方法可迁移但原结论待核,2,15,card
conv_5f36dde87ab8,暂存,EDU,0,任务中止，没有分析方法,1,1,card
conv_00b903a3ebe9,暂存,EDU,0,只有读取技能和检查数据的计划，无审查方法结果,1,4,card
conv_6ad7c7eaf079,暂存,OFFICE,0,论文审阅主要评价结果摘要，未展示完整核查方法,2,1,card
conv_b8618dade74b,保留,EDU,1,正文提供明确的可复用方法或修订约束,1,1,card
conv_77ac8a695c37,暂存,EDU,0,定时检索创建回执，交付模式失败未显示修复参数,1,2,card
conv_a01a23912186,暂存,NEWS,0,热点摘要及已有推送技能运行准备，不足新可复用经验,1,1,card
conv_09ee1c37b94c,排除,NEWS,0,每周资讯摘要和个人称呼记忆查询,2,2,card
conv_d72d8c5fdd4f,暂存,KNOW,0,记忆缺失的解释与未来记录承诺，未形成真实复盘经验,2,2,card
conv_63914080dfaf,暂存,KNOW,0,知识库整理及PDF缺失反馈待核，未看到具体再生成步骤,2,10,card
conv_246b5e915810,保留,EDU,1,正文提供明确的可复用方法或修订约束,3,3,card
conv_9e7f8c1f3083,保留,KNOW,1,知识库检查区分自动概览和新知识源,1,1,card
conv_62b59deb8bd3,暂存,EDU,0,审查技能重试但当前摘录主要准备与完成声明，方法待扩读,2,2,card
conv_c19f3434fa4f,暂存,EDU,0,论文审查摘要为主，建议未来复现不等于已有方法经验,1,1,card
conv_8748935e7377,暂存,OFFICE,0,产品审核有未经证据核准的精度调整建议，暂不学习这些判断,1,1,card
conv_bd7db8dabd3c,暂存,KNOW,0,索引维护给多个可选方案，未明确选择与执行结果,1,1,card
conv_ec8d4abd9de7,暂存,KNOW,0,知识库整理按现有模式做检查，结果主要为通过声明；未发现当前任务特有修订或实际新整理方法,1,1,card
conv_d9c8b76a2dae,保留,KNOW,1,知识库整理呈现文章结构、源文件、索引分层检查,1,1,card
conv_639563c765e9,暂存,OFFICE,0,科研报告有问题清单，当前未见从源数据核对到结论的方法细节,1,1,card
conv_80740772eeb5,排除,ASSIST,0,平台安全演示与简单下班提醒，无业务学习过程,13,9,card
conv_cf90ee4b2907,暂存,KNOW,0,只有 lint 达标概述，未展示具体检查标准或修订,1,1,card
conv_9af1f51c4560,保留,OFFICE,1,宣传数据适配审查指出样本量、方法、来源的具体缺证检查,2,2,card
conv_27ed3bb8f04f,暂存,KNOW,0,只汇报知识库现状，未呈现本轮维护决策,1,1,card
conv_76e4be35112f,保留,EDU,1,扩读有实际知识组织步骤与新增实体概念的对应,2,12,expanded
conv_3e2b7b34534f,保留,EDU,1,明确比较表格与正文同一指标的差异，可学习一致性核查,2,3,card
conv_cedd7472177e,暂存,LIFE,0,小红书JS和安全拦截失败，扩读无抓取恢复结果，替代建议待验证,6,6,card
conv_6cdcaf5433ea,暂存,NEWS,0,多工具尝试均未取得网页主体，没有确定可行的替代处理,1,3,card
conv_d6918e9034d3,保留,LIFE,1,长链交付修订及用户明确总结条件，可保留旅行规划方法候选,16,50,card
conv_ef55dcd8789d,暂存,ASSIST,0,沙箱技能下载打包与宿主机配置建议，无生效验证,2,3,card
conv_3091cd80dbb4,保留,EDU,1,科研运行环境发现解释器与 pip 不同版本并修复,8,8,expanded
conv_6e05298eec39,保留,EDU,1,表文核查及补齐Word报告的交付反馈具体,2,6,card
conv_6fc7603b4f73,保留,EDU,1,正文提供明确的可复用方法或修订约束,1,1,card
conv_6b24fb79bb00,保留,KNOW,1,扩读显示知识库实际链接格式修复,5,6,expanded
conv_bd88f614a510,保留,KNOW,1,相同MD5用于重复资料确认，不依文件名判断重复,1,1,card
conv_67a9ccb4c303,暂存,BIZ,0,金融BP/PPT主要产物声明，历史收益和技术优势未核验，未提炼明确修订经验,3,15,card
conv_491ff62e803b,保留,EDU,1,用户补充培养能力目标并指出职称等级失配,2,2,card
conv_13e38f017a30,保留,HR,1,用户补充了AI coding和成长力的岗位筛选偏好，并有经历时间冲突检查,5,6,card
conv_29a71bbedc21,排除,EDU,0,随机种子与参数概念解释加资料推荐，没有实际操作经历,3,3,card
conv_41714c5a51d3,暂存,EDU,0,文献事实与论文报告交付声明，扩读仍无足够核验步骤,4,4,card
conv_73bd367dbdbf,排除,ASSIST,0,身份设定及未具体化计划查询，不含执行方法,2,2,card
conv_e9b349be9fc3,保留,BIZ,1,正文提供明确的可复用方法或修订约束,3,3,card
conv_f075f2e6dfea,保留,BIZ,1,扩读发现 Word 生成中的引用编码故障及替代写法,14,18,expanded
conv_4a378f051f47,暂存,HR,0,简历学习和岗位筛选目标明确，当前两个摘录未呈现推荐过程，待扩读,3,4,card
conv_371a64fe50a1,保留,EDU,1,正文提供明确的可复用方法或修订约束,5,4,card
conv_5e32c5929830,暂存,EDU,0,附件路径无效，没有恢复输入或完成审查的方法,1,1,card
conv_0355f1cdd002,暂存,COMM,0,多个提醒及编辑任务只有安排确认，尚无真实执行经验,11,14,expanded
conv_bd39d19c227c,暂存,DATA,0,源数据和论文介绍，未展示具体分析执行方法,2,2,card
conv_ac76ebbc45cb,暂存,NEWS,0,金价查询及 Markdown 文件格式纠正，缺实际制作或验收方法,3,3,card
conv_5bf71abe3d2c,排除,NEWS,0,今日金价事实查询并改为MD，无方法修订,4,4,card
conv_a888b4c97f1c,保留,KNOW,1,正文提供明确的可复用方法或修订约束,4,13,expanded
conv_4dd6bb0ca0a9,暂存,OFFICE,0,单页压缩产物简介，未见如何筛选核心内容的过程,1,1,card
conv_d3b35bbaf6ed,保留,LIFE,1,亲子行程根据年龄与节奏修订，并限制天气预报有效期,8,20,card
conv_d52c86d7ea48,暂存,EDU,0,教案只需求澄清，尚未设计,1,1,card
conv_21de4e1cd007,暂存,EDU,0,教案需求澄清与交付摘要，未见口语教学生成或修订方法,3,5,card
conv_1484e8af3800,保留,LIFE,1,旅游餐食数量和固定时间地点有用户修订，方法依据明确,11,12,card
conv_27a5d2df0f04,保留,LIFE,1,正文提供明确的可复用方法或修订约束,11,19,expanded
conv_f0d878d4053a,暂存,OFFICE,0,一页 PPT 布局与交付说明，未见实际抽取和压缩验证,2,2,card
conv_383a91943829,暂存,OFFICE,0,单页PPT交付摘要未呈现压缩及排版方法,1,1,card
conv_7e7d3c01d5af,暂存,OFFICE,0,单页PPT只板块布局和下载回执,2,2,card
conv_b9d192f88ea5,暂存,OFFICE,0,不同材料的一页交付摘要，不能仅据布局认定方法学习,1,2,card
conv_09e225ee61ad,保留,OFFICE,1,两次源文件误识别后重做，有明确输入核对的失败学习价值,1,6,card
conv_6c5c4efafced,暂存,EDU,0,量子论文由泛主题直接宣称实验成果，无可靠生成或验证经验,4,5,card
conv_bd5bd7f58c93,暂存,EDU,0,科研数据未提供而生成论文，交付摘要不能认证真实研究方法,6,4,card
conv_ab37e83e24c8,暂存,LIFE,0,仅建立旅行计划的定时任务，未实际规划,1,1,card
conv_05569cdad92c,暂存,EDU,0,材料论文成品摘要，未有数据及实验依据,4,4,card
conv_0117987f8760,排除,LIFE,0,当天气象事实咨询,1,1,card
conv_7538f7469cbe,保留,HR,1,岗位拆解指出管理岗无下属和仓管职责的实际匹配条件,2,2,card
conv_3dd6019a60a3,暂存,OFFICE,0,图像JSON解码只有计划与完成声明，无具体调用结果处理,2,4,card
conv_56aa032f17a8,暂存,TECH,0,输入法平台能力疑问和 POC 计划未完成，无法学习关键词皮肤切换方法,14,26,card
conv_abba8995a3a6,保留,TECH,1,扩读未展示AI发现任务内具体诊断、纠正或处理条件,4,12,expanded
conv_2e03834fce5c,暂存,ASSIST,0,文件不存在和附件区别已说明，但目标未明确未执行后续,2,2,card
conv_add7e6b70a20,暂存,UNCLEAR,0,只有附件续处理要求，路径无效且具体目标未明,1,1,card
conv_ea9b88b23b98,暂存,HR,0,两个摘录是技能说明，应扩读招聘流程正文，不由此认定无价值,4,4,card
conv_047555b8a77f,保留,EDU,1,正文提供明确的可复用方法或修订约束,2,1,card
conv_c6f75a2f2618,排除,ASSIST,0,安装与技能用法帮助，无实际浏览器任务经验,4,5,card
conv_8b3d572e9c17,暂存,OFFICE,0,盲盒图像完成摘要，不含执行方法,1,2,card
conv_007d40b3886f,保留,EDU,1,正文提供明确的可复用方法或修订约束,2,2,card
conv_221f18eb70c5,保留,EDU,1,开题评审根据工程化问题重构研究层次,14,13,card
conv_617351bdbbec,排除,UNCLEAR,0,仅问候无任务,1,1,card
conv_eca9c2676037,暂存,EDU,0,教学HTML仅页面功能交付,1,1,card
conv_e2ecbc6378d2,暂存,OFFICE,0,图片交付声明无学习过程,1,2,card
conv_d44142937e38,暂存,TECH,0,网页游戏功能列表与完成声明，没有过程方法,1,2,card
conv_535bbdb37dc6,排除,LEGAL,0,税收政策类别问答，无具体履行任务轨迹,1,1,card
conv_fb33437938a8,保留,HR,1,按 JD 逐项对标简历且对缺失和空窗提出核验,2,2,card
conv_06d3b452f1d2,保留,HR,1,岗位与技术栈、AI经验、薪资定位的分维度对比具体,4,4,card
conv_dd2a679e1b52,暂存,EDU,0,论文综述说明和评价，没有具体审阅方法,1,1,card
conv_4e162c7672f8,暂存,BIZ,0,标书内容和预计页数声明，缺资质附件与实际页数核验，不能学为已合格投标,4,9,card
conv_1c0d9eac8df9,暂存,OFFICE,0,凤凰盲盒画图仅完成摘要，未形成新方法,1,1,card
conv_12b4ea8ff451,暂存,OFFICE,0,盲盒2D到3D止于接口缺失与备选方案，未取得模型,8,14,card
conv_afaa4576fb6d,暂存,OFFICE,0,图片改风格、知识图谱与技能查询混杂，未见清楚方法修订,8,15,card
conv_1bf8f5ab6844,保留,BIZ,1,推荐偏离用户目标后有逐步收窄的明确反馈,4,7,card
conv_299aa1b64659,暂存,OFFICE,0,图片按参考风格生成，描述基本为外观变化和内容保留，未见具体修订或失败规避方法,1,6,card
conv_1695d8fd2aca,暂存,OFFICE,0,仅生图版本推荐与完成声明,1,1,card
conv_d8fbcde67f8c,排除,ASSIST,0,已有科研技能安装及触发说明，没有实际论文任务,2,2,card
conv_0fd9153df042,暂存,EDU,0,PPT下载和质量反馈后未给修复步骤,3,3,card
conv_83ece9c50c5b,保留,EDU,1,用户纠正发表阶段，生成勘误请求并保留待作者确认事项,3,3,card
conv_f539633216ff,排除,LIFE,0,单次邮编事实问答,1,1,card
conv_f3899c95bced,保留,EDU,1,正文提供明确的可复用方法或修订约束,5,5,expanded
conv_4f2166e19a21,保留,EDU,1,审稿评估明确可见依据与无法评估边界,4,4,card
conv_b6fdc6fd06f6,暂存,KNOW,0,知识库维护提出选项但用户没有明确执行选择，提醒仅创建声明,14,8,card
conv_fcfb51a85b55,排除,ASSIST,0,论文技能安装和使用说明，未实际运行论文工作流,2,3,card
conv_7993eeb902fe,排除,ASSIST,0,技能管理概念讨论与模型价格问答，未见具体应用学习,11,16,card
conv_8768b45e6be3,暂存,ASSIST,0,管理策略属于概念分析，当前未展示具体使用反馈或落实方法,1,1,card
conv_b60543ef082b,排除,ASSIST,0,查找聊天室技能菜单，无具体研究任务,1,1,card
conv_61455080acde,排除,ASSIST,0,名人圆桌为合成模拟意见，不能当真实企业技能执行轨迹,4,5,card
conv_7be8a0b341b5,保留,NEWS,1,定时任务增图后明确超时和效果反馈，可学习约束修订,4,10,card
conv_f3f23594ca10,保留,BIZ,1,正文提供明确的可复用方法或修订约束,3,4,card
conv_5848e79bc83a,排除,BIZ,0,融资股东事实查询，不足方法经验,1,1,card
conv_28cc7559789d,暂存,TECH,0,改动转工作项是开发方案，未实际执行或验证修复,1,1,card
conv_143452559f75,保留,TECH,1,正文提供明确的可复用方法或修订约束,13,27,card
conv_0e044ee4939b,保留,TECH,1,用户指出通用清理建议不适用后针对实际目录调整,2,2,card
conv_4bfa8b7c264c,保留,LIFE,1,按最晚到达时间和航司转机条件排程，条件具体,2,2,card
conv_08457c6c88dc,暂存,OFFICE,0,单条文创生图prompt和成品声明，没有方法修订或操作依据,1,1,card
conv_05cd858151a0,保留,EDU,1,扩读发现生图请求简化和断点续页,1,9,expanded
conv_b1207ff6818a,暂存,BIZ,0,商业计划书提示词与图文流程提出但应用结果未在摘录证实,7,4,card
conv_aed339d701a8,暂存,EDU,0,儿童网页止于目标年龄和产品需求询问,2,1,card
conv_7bd66d286bf2,暂存,OFFICE,0,盲盒设计与逐页提示词完成，实际图片 PPT 尚未执行,3,3,card
conv_d0f34d1af8da,保留,OFFICE,1,用户明确纠正自动横向排版，恢复原提示词画册尺寸,4,16,card
conv_600eff249286,保留,BIZ,1,正文提供明确的可复用方法或修订约束,9,17,card
conv_158e9b7436ea,暂存,EDU,0,教育 PRD 交付与市场摘要，未见验证或修订方法,2,3,card
conv_2c2d2c4d0df1,保留,COMM,1,发送邮件后用户明确纠正收件人，可保留发送前核对边界,3,5,card
conv_94a2c0df9209,暂存,HR,0,JD仅询问岗位信息，无实际生成,1,1,card
conv_bc4bb2ab92da,暂存,COMM,0,缺邮件技能和凭据，只有替代提议没有执行修订,1,2,card
conv_cd1a2871756a,保留,HR,1,查到技能物理存在但元数据导致过滤，有明确修改位置与差异,15,34,card
conv_87720849b6d2,暂存,ASSIST,0,技能安装和删除回执，缺具体故障修复经验,2,5,card
conv_298ecdab62b0,暂存,BIZ,0,标书价格调整尚未见全部小计核对；问卷软件推荐不形成应用轨迹,3,3,card
conv_b690cb0329cb,排除,ASSIST,0,技能本体打包归档，没有新执行经验,1,1,card
conv_f86228cc1241,排除,ASSIST,0,助手身份寒暄,1,1,card
conv_3267a1dd85aa,保留,BIZ,1,成果转化评估把技术、场景、资源和试验问题拆开,1,1,card
conv_98d45aba0065,保留,TECH,1,多轮项目文档修订有真实业务范围、报价和交付目录约束,57,273,expanded
conv_de780b6ee019,暂存,BIZ,0,项目排名和PDF交付，未充分展示可复用评审标准,3,3,card
conv_3a5cf1988000,暂存,COMM,0,邮箱未配置，停留在授权引导,1,3,card
conv_987ef318052a,排除,ASSIST,0,技能安装及卸载，不含应用任务,2,3,card
conv_badb85c94e9c,排除,UNCLEAR,0,只有数字与初始化寒暄,2,1,card
conv_f4619ddcd27d,暂存,EDU,0,白名单咨询给出制度路径但尚无具体产品办理过程,1,1,card
conv_749baacff5ca,保留,LEGAL,1,用户纠正合同自身立场并要求补交付底座标准，可学习审查条件,2,2,card
conv_2c3193eb1cd6,保留,BIZ,1,正文提供明确的可复用方法或修订约束,12,22,card
conv_3a4f18d72252,保留,OFFICE,1,文档转演讲流程说明对应实际生成步骤,4,7,card
conv_a3988f16cc4d,暂存,OFFICE,0,新闻摘要生成海报只有完成声明,1,1,card
conv_3f2f18da4d3f,保留,LEGAL,1,正文提供明确的可复用方法或修订约束,4,4,card
conv_ffe83d76198a,暂存,OFFICE,0,图像完成声明，无可复用 API 测试或生成修订过程,6,5,card
conv_7485225ea7e3,暂存,BIZ,0,技术对比报告跨多个附件，方法证据待核而非只保留优点结论,5,5,card
conv_26d4ec4d7c25,保留,BIZ,1,正文提供明确的可复用方法或修订约束,17,20,card
conv_6a3dfb1d1ebc,排除,EDU,0,论文事实查找与下载回执，无新增核验方法,3,2,card
conv_61a472bf9ac9,保留,BIZ,1,评分与阈值和多版本同步核对有方法价值，但用户先定否定结论必须保留偏置风险,8,8,card
conv_770819efaa18,保留,EDU,1,正文提供明确的可复用方法或修订约束,3,4,card
conv_27abfa260f9c,保留,HR,1,已有人员说明改写时明确收发方与组织视角,2,2,card
conv_50da7dabddba,保留,BIZ,1,用户持续改写受众与公司治理叙事，具明确保留、删改约束,27,45,card
conv_d4d7037451a5,保留,BIZ,1,正文提供明确的可复用方法或修订约束,7,20,expanded
conv_a49d5bb92bc6,保留,OFFICE,1,用户实际指出图片截断，扩读有尺寸与拼接修订,8,42,expanded
conv_c2e28f5e5a97,暂存,BIZ,0,技术评估摘要和自评分未有方法核验，不能据成功评价学习,2,1,card
conv_2bb96bd4181c,暂存,HR,0,问卷工具比较与公司简介润色，未有工具实施或关键修订,4,4,card
conv_22735168dc9c,暂存,HR,0,劳动解除建议的法律依据与适用条件未核验，不能沉淀为可直接解除的决策规则,17,15,card
conv_165f28715224,保留,HR,1,JD未提技能与没有技能分开，并列面试核验项,6,6,card
conv_5c2f401a22a3,保留,BIZ,1,正文提供明确的可复用方法或修订约束,18,63,expanded
conv_24de551a33dd,暂存,EDU,0,寄语语气润色，调整较轻且尚不足独立可复用操作方法,3,3,card
conv_f4b82e638325,保留,OFFICE,1,公众号多轮反馈具体指出开头、背景占比与链接要求,30,35,card
conv_c06891110200,暂存,OFFICE,0,无法看图却用像素统计推构图正确，不能作为可靠验收方法,2,4,card
conv_079666ce3ba0,保留,OFFICE,1,多轮公众号排版中用户指出引用丢失，扩读见对应重渲染,62,40,expanded
conv_cde87bf0074c,保留,HR,1,三类有源医美岗位匹配要求进一步核实具体设备，避免通用采购经验替代,4,2,card
conv_bbc7e627eae3,保留,COMM,1,正文提供明确的可复用方法或修订约束,6,13,expanded
conv_010ad4ece7b3,保留,BIZ,1,多轮产品设计确认和宽高比反馈，扩读见小批改图,31,20,expanded
conv_257e11139b3f,保留,EDU,1,评分输入范围和加权公式明确，可以提炼表格校验约束,1,1,card
conv_7bdaa160b3ec,保留,COMM,1,正文提供明确的可复用方法或修订约束,2,2,card
conv_988394fa37c8,暂存,COMM,0,常规邮箱授权说明与成功回执，没有具体故障修订或额外方法,1,3,card
conv_8118bc81c93e,暂存,BIZ,0,模拟专家讨论只到邀请和并行启动，不当真实专家意见或验证方法,2,2,card
conv_d2db5a908289,保留,BIZ,1,正文提供明确的可复用方法或修订约束,16,8,expanded
conv_46bd7ecbd688,暂存,COMM,0,邮箱配置与发送声明，未见具体参数校验或失败修正,3,8,card
conv_30771578f57c,保留,BIZ,1,商业计划冷启动资源不足有用户修订，产品设计有轮廓差异约束,16,10,card
conv_ec7b4ec1f15b,保留,LEGAL,1,正文提供明确的可复用方法或修订约束,5,3,card
conv_96d73907a02d,排除,LIFE,0,机场商店位置、预订信息和电话号码事实咨询,6,3,card
conv_cbc028e87deb,暂存,COMM,0,邮箱配置教程止于获取授权和待用户提供信息，尚无应用验证,2,3,card
conv_78444c079e5a,保留,COMM,1,正文提供明确的可复用方法或修订约束,6,7,expanded
conv_3e3096406ea1,暂存,COMM,0,只见邮件发送成功回执，没有具体方法修订,2,5,card
conv_8dbc2e14c3fc,保留,BIZ,1,政府汇报确定页级叙事和来源要求，可保留任务设计约束,16,7,card
conv_497a2363eddb,保留,EDU,1,正文提供明确的可复用方法或修订约束,26,13,expanded
conv_343600b6d59a,保留,HR,1,简历优化给出亮点前置与岗位证据映射,9,6,card
conv_83c932e8eaeb,暂存,OFFICE,0,典型案例三段结构是泛模板，未见选择依据或改稿反馈,2,1,card
conv_75aba8f45e3a,保留,COMM,1,正文提供明确的可复用方法或修订约束,8,6,card
conv_4451b5c4da2e,保留,COMM,1,扩读见连续超时和运行中更新不立即生效的修订,8,6,expanded
conv_34245f16faa5,排除,COMM,0,提醒安排与昵称修改，无可学习工作方法,8,5,card
conv_68708ebff46f,暂存,COMM,0,简单提醒与寒暄，没有调度故障或复用方法,6,3,card
conv_c2859a4a40a4,暂存,COMM,0,授权帮助和 SMTP 入队声明，未呈现可复用故障处理,5,6,card
conv_e550d6d0330d,排除,COMM,0,一次提醒及问候，没有方法经验,4,3,card
conv_382275cb15c8,暂存,KNOW,0,知识库工具挂载失败，仅待恢复未修复,1,1,card
conv_55a0d29bd6d2,排除,UNCLEAR,0,问候后中止，没有任务,1,1,card
conv_19a94d4123f0,排除,UNCLEAR,0,仅问候且AI终止，无任务,1,1,card
conv_c3df2f18e9c9,暂存,COMM,0,126授权配置仅引导，用户尚未给凭证与执行结果,2,2,card
conv_6731cc9aa7a0,暂存,COMM,0,邮箱测试与附件重新发送回执，缺具体附件映射核验方法,6,9,card
conv_1fe545b6b26b,暂存,NEWS,0,新闻日报完成摘要及来源说明，未见执行流程或修订,2,1,card
conv_cfe72b191f56,排除,UNCLEAR,0,仅问候与助手初始化,1,1,card
conv_9b10d0f86224,暂存,OFFICE,0,宿主机与沙箱路径不同，只有复制建议，仍未能执行审核,5,4,card
conv_bb3f86d4bbce,暂存,COMM,0,邮件发送只有安装依赖和成功声明，具体依赖及验证步骤未明,1,1,card
conv_8d1a58c5b821,暂存,COMM,0,附件邮件仅主题正文澄清和发送回执，没有具体可复用处理方法,4,3,card
conv_8370d5c66053,保留,OFFICE,1,文档类型误配论文框架被明确纠正并改为说明书结构,5,6,card
conv_5c2f833a1659,排除,ASSIST,0,模型身份查询,1,1,card
conv_1e9bf69784fd,排除,UNCLEAR,0,没有用户任务，只有空压测目录的助手续写,0,1,card
conv_b4e35d65e58e,排除,OFFICE,0,系统压测生图，只有图片生成回执没有学习经验,2,2,card
conv_55752893b837,保留,OFFICE,1,说明书发布前明确发现占位符残留并改稿,6,3,card
conv_ccb676d266ce,排除,OFFICE,0,显式系统图片压测，无业务学习轨迹,2,1,card
conv_d828d7185e86,暂存,OFFICE,0,单轮生图只有产物描述，未见方法和修订,2,2,card
conv_0484aa7e032d,暂存,OFFICE,0,图片完成摘要无方法,2,1,card
conv_b02b4c5d10e2,排除,UNCLEAR,0,无用户任务，助手重复检查压测目录,0,5,card
conv_8afe28c15daf,暂存,OFFICE,0,生图回执与展示，未见可提炼操作,2,2,card
conv_006c1e9f8bf0,暂存,OFFICE,0,图片完成摘要无方法,2,1,card
conv_a222b7fe3e39,暂存,OFFICE,0,只有生图交付，未呈现可复用方法,2,2,card
conv_6176cb2a1bea,暂存,OFFICE,0,生图完成描述，无方法修订,2,1,card
conv_ab9d3c7b3eb5,暂存,OFFICE,0,图片完成摘要无方法,2,2,card
conv_a322a78919b3,暂存,OFFICE,0,只有生图交付，未呈现可复用方法,2,1,card
conv_43344c1d624a,暂存,OFFICE,0,生图完成与文件路径，无方法修订,2,2,card
conv_316742f9e7f2,保留,COMM,1,模块路径适配后重试验证具有操作细节,1,1,card
conv_1bce921c6f7b,暂存,EDU,0,一年级PPT停在纲要与确认,1,1,card
conv_4de1f8d1c987,暂存,EDU,0,仅课件大纲待确认，未执行,1,1,card
conv_4cd029506eb5,暂存,EDU,0,课件只有待确认方案，尚未生成应用,1,1,card
conv_2095a3e454f2,暂存,EDU,0,一年级PPT停在纲要与确认,1,1,card
conv_743a2a4ed77e,暂存,EDU,0,仅课件框架和澄清，未执行,1,1,card
conv_70cad24899f6,暂存,EDU,0,课件只有待确认方案,1,1,card
conv_84d107e9e67a,暂存,EDU,0,一年级PPT停在纲要与确认,1,1,card
conv_9af60347581d,暂存,EDU,0,仅课件草案待确认,2,1,card
conv_2d9833d90ec3,暂存,EDU,0,课件只有待确认方案,1,1,card
conv_afd6692df4ab,暂存,EDU,0,一年级PPT停在纲要与确认,1,1,card
conv_e1913774325a,暂存,EDU,0,生成课件回执，未见有区分度的制作与校验经验,2,9,card
conv_ed7d6b939145,暂存,EDU,0,标准课件完成摘要无额外方法,2,4,card
conv_5b7c07622ba3,暂存,EDU,0,PPT仅纲要和文件回执,1,1,card
conv_bff5c75a4fcd,暂存,EDU,0,简要课件大纲与完成声明，没有具体修订或验收,1,1,card
conv_33b2d5386dd3,暂存,EDU,0,标准课件完成摘要无额外方法,2,5,card
conv_4a400f6ef2c9,暂存,EDU,0,PPT仅纲要和文件回执,1,1,card
conv_80c0ba2c2e7e,保留,EDU,1,正文包含以已有页面作参考保证视觉连续的实际步骤,1,1,card
conv_32c21a54c659,暂存,EDU,0,标准课件完成摘要无额外方法,2,4,card
conv_2063896bb9c9,暂存,EDU,0,扩读仅逐页进度和风格参考，缺具体方法证据,2,7,card
conv_f6a5e3b35c32,暂存,EDU,0,大纲和文件列表，未见具体方法修订,1,1,card
conv_526530db0103,暂存,EDU,0,标准课件完成摘要无额外方法,1,1,card
conv_cf39e97307ba,暂存,EDU,0,扩读仅逐页进度和风格参考，缺具体方法证据,2,7,card
conv_5fb41cd228d3,暂存,EDU,0,课件大纲与完成摘要，未见具体方法修订,2,6,card
conv_28683e4a0a38,暂存,EDU,0,标准课件完成摘要无额外方法,1,1,card
conv_a5ae34a9eba9,暂存,EDU,0,multipart修复只有一句声明，未呈现修复操作,1,5,card
conv_45fbe028d43d,暂存,EDU,0,大纲与结果摘要，未见具体方法修订,2,4,card
conv_d67773c0cac8,保留,EDU,1,连续页以参考图接口延续风格，已应用于课件任务,7,10,card
conv_b1c31894d276,保留,EDU,1,正文提供明确的可复用方法或修订约束,19,23,card
conv_f2b900c33421,暂存,EDU,0,课件结果和设计风格，未见方法修订,1,1,card
conv_10cf68fbd1f3,暂存,EDU,0,标准课件完成摘要无额外方法,2,3,card
conv_0966271ea5c9,暂存,EDU,0,扩读仅PPT生成进度与交付回执,2,4,card
conv_a071061ce0a7,暂存,EDU,0,无真实科研数据的论文交付，不能认证方法和数值,2,1,card
conv_589813f393e6,暂存,TECH,0,贪吃蛇HTML完成说明无实现或修订方法,2,2,card
conv_ded32a098c17,暂存,ASSIST,0,读书技能需求澄清，未实际运行或修订,4,2,card
conv_a3d3ac1b426f,暂存,TECH,0,游戏特性及交付，缺构建或调试过程,2,1,card
conv_2e1d20b1fc34,暂存,HR,0,面试目标清晰，当前摘录未见实际问题与评价方法，需扩读,2,1,card
conv_ece7b3def89c,保留,KNOW,1,正文提供明确的可复用方法或修订约束,2,5,card
conv_f67b1da7ae8d,暂存,OFFICE,0,主要文件摘要与快捷操作帮助，未见具体评审方法,8,6,card
conv_48bad126c8f3,暂存,COMM,0,测试邮件只有发送成功声明,2,8,card
conv_fcbd82ba1426,暂存,KNOW,0,知识库尚空，只有澄清问题,1,1,card
conv_36908a419d8f,排除,OFFICE,0,指定说明书内容概述，没有独立任务方法,2,1,card
conv_43bdd0d5f779,暂存,COMM,0,邮箱准备及图片完成摘要无方法,7,10,card
conv_23812b8e2ac6,保留,OFFICE,1,正文提供明确的可复用方法或修订约束,2,3,card
conv_5a54df807856,暂存,EDU,0,数据审查报告摘要有证据缺失，但未展示一致性核验步骤,4,4,card
conv_de5b62882d40,暂存,EDU,0,包装文本中原需求未完整展示，AI仅准备读论文,1,1,card
conv_9f02159beda5,暂存,EDU,0,论文审查摘要和缺源数据声明，未读到足够具体核查步骤,2,4,card
conv_f4571399ca70,暂存,EDU,0,论文报告摘要与常规提醒回执，未展示方法修订,3,2,card
conv_cc021b31849c,暂存,EDU,0,作业对比结果没有对应评价方法依据,5,7,card
conv_6e4ea693d7fd,保留,COMM,1,正文提供明确的可复用方法或修订约束,2,6,expanded
conv_cb794eecdfcd,暂存,EDU,0,课件逐页确认与交付，未展示有区分度的学习方法,8,6,card
conv_1f1e1d0c2247,排除,BIZ,0,DCF模板占位符无实际企业参数，未启动估值,2,1,card
conv_2354b031ed8c,暂存,NEWS,0,资讯内容与Word输出请求，未读到生成或修订方法,7,5,card
conv_95c7e222dc40,排除,NEWS,0,新闻事实汇总和导出回执,4,2,card
conv_949b2118bffe,排除,UNCLEAR,0,问候测试数字无任务,6,4,card
conv_db903c616f0e,保留,DATA,1,正文提供明确的可复用方法或修订约束,18,25,expanded
conv_ffc05940d1e8,排除,UNCLEAR,0,数字测试与问候,4,2,card
conv_51382a27bd75,暂存,OFFICE,0,资料解释及执行计划未落实，需进一步查看具体转换过程,14,8,card
conv_29592b02e4b4,排除,UNCLEAR,0,人物毕业院校事实查询,3,2,card
conv_4761e405a27e,排除,UNCLEAR,0,图像内容解释与对象澄清，缺操作性目标,4,2,card
conv_33a026154646,暂存,BIZ,0,工商平台受阻后替代方法未执行，拦截原因尚未独立核验,2,4,card
conv_7b0ea502fdac,保留,OFFICE,1,正文提供明确的可复用方法或修订约束,35,104,expanded
conv_0f76bd2b6805,暂存,NEWS,0,额度网络和浏览器均阻断，未见可行恢复方法,2,2,card
conv_308db455267f,暂存,NEWS,0,搜索受限与游戏完成，尚无实际解决方法,6,5,card
conv_d3fbd10a6a4b,排除,OFFICE,0,生图、单次新闻定时和无含义数字测试，无业务学习,10,6,card
conv_d9749935c36f,排除,BIZ,0,Kano 概念解释和技能帮助，没有具体产品应用,2,2,card
conv_3c73988f8b3a,暂存,NEWS,0,定时创建和邮件成功确认无细节方法,4,6,card
conv_1c5d5d968cf1,暂存,COMM,0,邮件配置和发送回执，缺本轮独特修订经验,2,6,card
conv_0bdb5bac6ace,排除,KNOW,0,记忆文件查询，无具体任务方法,2,1,card
conv_db4d78062400,暂存,COMM,0,邮件配置教程及完成声明，不足新方法,2,5,card
conv_b83dcd4b4762,保留,COMM,1,正文提供明确的可复用方法或修订约束,5,9,card
conv_46f9798a1ef7,保留,COMM,1,模板邮件要求明确关联附件命名和信息缺失确认,6,7,card
conv_4be7342d0195,保留,BIZ,1,扩读未展示AI发现任务内具体诊断、纠正或处理条件,21,20,expanded
conv_10e318e08bdf,保留,HR,1,正文提供明确的可复用方法或修订约束,18,18,card
conv_485c08d4b5bd,排除,UNCLEAR,0,问候与身份设置,1,1,card
conv_5200f68f4feb,暂存,COMM,0,邀请函及收件前信息澄清，尚未应用验证,6,6,card
conv_31676d431fb8,暂存,BIZ,0,财务分录待关键账面价值，PPT与文件查找仅输出/发送限制,19,23,card
conv_221003603779,保留,HR,1,JD 硬条件与技术栈匹配被分别拆解,6,3,card
conv_a67233b76a8f,保留,OFFICE,1,真实培训支持问题明确区分已解决、未解决和下期准备,8,7,card
conv_7b7f10cf43b0,暂存,OFFICE,0,引流页仅内容摘要与HTML交付，未展示可靠PPT解析,1,3,card
conv_2134ac4116e5,保留,HR,1,分批简历合并后维护整体评分与梯队,7,4,card
conv_772d12d0f96d,排除,BIZ,0,企业收入构成事实查询，无任务方法,2,1,card
conv_ec3c504c57ab,保留,HR,1,正文提供明确的可复用方法或修订约束,3,2,card
conv_6ec3c423cb28,保留,DATA,1,用户要求解释金额，回答提供工作量计算口径,18,8,card
conv_61f48b530b7b,保留,HR,1,岗位对比按地域、预算和直接领域经验分项，拒绝仅总资历推荐,10,6,card
conv_2c50af66823f,保留,HR,1,正文提供明确的可复用方法或修订约束,2,2,card
conv_b0766d5cdf61,保留,TECH,1,用户反馈烟囱悬空，具体修订斜面计算和绘制顺序,8,8,card
conv_69d3e6ed7587,保留,OFFICE,1,充值指南有图片可用性、套餐前提及分页修订,16,8,card
conv_8c54fb0573e0,保留,OFFICE,1,正文提供明确的可复用方法或修订约束,6,3,card
conv_0cdfdfa63567,暂存,OFFICE,0,体育构图经过安全拦截及改写，企业方法价值与可复用范围不足,2,3,card
conv_b82c332f5f54,暂存,ASSIST,0,技能介绍与论文机制综述未落实，不将已有技能流程当执行经验,10,7,card
conv_c73796a246dc,保留,EDU,1,正文提供明确的可复用方法或修订约束,16,10,card
conv_e9c4a9f895ed,暂存,OFFICE,0,生图服务配置说明前后冲突且无成功修订，不能学习成可用能力,20,13,card
conv_8877913be879,暂存,BIZ,0,竞品及行业背景分析为主，未见具体可迁移落实流程,26,15,expanded
conv_589e599dc77a,保留,TECH,1,正文提供明确的可复用方法或修订约束,23,25,expanded
conv_939654a97123,暂存,EDU,0,教学设想润色与压缩，未执行教学设计验证,4,2,card
conv_1c5121229313,保留,OFFICE,1,定时子会话未写文件后重新生成，有明确交付核验反馈,11,13,card
conv_6927ef7cb83b,暂存,EDU,0,智审材料请求和评分交付，缺具体审查执行片段,4,5,card
conv_ead44b4aebf0,暂存,LEGAL,0,借款事实咨询和研究方案摘要，未形成实证处理方法,25,13,card
conv_c4ff8ca97f32,排除,LIFE,0,日常语句含义解释，无执行任务,2,1,card
conv_3a75f212d7e5,暂存,ASSIST,0,扩读有技能测试输出，但主要创建声明及规则演示，缺可迁移修订依据,10,12,card
conv_b0dc3e81c8dc,保留,LIFE,1,用户以实际交通时长和偏好修正行程目标,20,10,card
conv_4815e06ca049,保留,BIZ,1,报价口径多轮纠正，复用方案与从零方案、成本与授权分开,20,47,card
conv_b4c2962f1747,保留,EDU,1,正文提供明确的可复用方法或修订约束,69,68,expanded
conv_817857256a11,暂存,EDU,0,教学诗词图片交付，未见设计或文字校验方法,2,2,card
conv_639119e2e624,保留,LIFE,1,用户拒绝重复确认的偏好有明确反馈与最终交付,11,14,card
conv_7e03d9a4cf85,保留,LIFE,1,正文提供明确的可复用方法或修订约束,12,12,card
conv_2bd200526fe5,保留,HR,1,用户要求从简历证据写具体拒信,6,3,card
conv_e0cc09d72959,保留,HR,1,岗位要求拆成能力维度并逐候选匹配，有具体方法,4,4,card
conv_071f0f0277ac,保留,HR,1,正文提供明确的可复用方法或修订约束,1,1,card
conv_c65151b56d23,保留,HR,1,商务岗位按不同目标形成条件化推荐,4,3,card
conv_23c04b59afa6,保留,HR,1,创始人纠正商务硬条件并选电话面试场景，有明确迭代,16,8,card
conv_5cebb0b81936,暂存,HR,0,扫描件未抽出文字，评分矩阵和推荐缺充分核验依据,1,1,card
conv_c4dc1412df06,保留,HR,1,采购岗位区分必须行业门槛和可迁移工艺,2,1,card
conv_538d05aa1ac0,暂存,HR,0,组织方案和岗位说明书交付摘要未见实际适配方法,4,3,card
conv_f74f7410ccfd,保留,DATA,1,正文提供明确的可复用方法或修订约束,6,4,card
conv_bf54448ce875,暂存,HR,0,大量岗位文档交付，但未见完整职责边界核验与组织变更同步方法,25,14,card
conv_e3161ddb4075,保留,BIZ,1,用户纠正查重平台为论文数据校对，业务目标改写清楚,6,11,expanded
conv_23a12ab71383,保留,LIFE,1,正文提供明确的可复用方法或修订约束,115,63,expanded
conv_948cdaa668ef,保留,DATA,1,记账要求精确，AI 对版本差异保留确认,4,3,card
conv_bfa0261e8952,排除,ASSIST,0,已有旅行技能打包，没有应用方法,2,1,card
conv_7a890f3ac3c9,排除,ASSIST,0,只安装现有技能及说明，无实际业务使用,1,1,card
conv_5d14615979c7,保留,LIFE,1,多轮旅行方案结合老人孩子、列车与房间约束,8,10,card
conv_0bd84931683d,暂存,ASSIST,0,安装和资料分析为主，能力适配意见待核，不把项目介绍当新运行经验,18,17,expanded
conv_42f5f2a23775,排除,BIZ,0,项目状态与资源事实整理，未有方法经验,2,1,card
conv_1e8e6e53ac34,暂存,KNOW,0,知识库预检和待确认计划，未执行本轮整理,2,3,card
conv_1f70175010f7,保留,ASSIST,1,连续定时超时有日志性摘要和用户明确参数修订,2,2,card
conv_6802694e2036,保留,BIZ,1,正文提供明确的可复用方法或修订约束,12,22,card
conv_875d81eee726,排除,BIZ,0,养殖痛点与监测作用知识问答，无具体系统处理经验,4,2,card
conv_d0e3a089c055,排除,BIZ,0,时序研究转化背景及赞助信息查询，未含具体执行方法,6,4,card
conv_15f0f4d89d3f,保留,EDU,1,正文提供明确的可复用方法或修订约束,6,5,card
conv_ed750b23610d,暂存,LIFE,0,车辆噪声咨询停留在通用症状与澄清，无实测修订,2,1,card
conv_96514de856c0,暂存,EDU,0,多个科研项目优势短板与反馈稿，未见逐证据核查和修订方法,38,19,expanded
conv_14b8d28fb801,排除,UNCLEAR,0,只给领域名，没有实际目标,2,1,card
conv_b661a2b210a9,保留,NEWS,1,直播查询中首答错误被用户指出并重新核验,3,3,card
conv_13ee9e5f9697,暂存,BIZ,0,研究商业机会分析为主，未见可执行调查核验方法,3,3,card
conv_7ff0f80b4a5c,排除,DATA,0,会计概念与标准分录问答，无具体账务处理任务,2,1,card
conv_07d2d9c4266f,暂存,BIZ,0,有免疫治疗项目商业判断目标，但只见人员背景与方向查询，未见可执行尽调方法正文。,1,1,card
conv_20dd49e27f25,暂存,BIZ,0,技术商用前景结论，缺实际方法学习证据,4,2,card
conv_f9f4cc0a8b38,暂存,BIZ,0,科研商业化泛分析，来源与转化判断未核验,2,1,card
conv_dd68892b11e9,暂存,EDU,0,有科研选题目标，但仅提出实验假设及未验证的存活比例，不能当已获得研究经验。,1,1,card
conv_52ab93c12a48,暂存,BIZ,0,市场前景报告是判断结果，未展示调研核验方法,1,1,card
conv_880a615a6c7b,暂存,BIZ,0,科研商业化分析内容交付，缺实际决策修订,1,1,card
conv_c9f4db4e5372,暂存,BIZ,0,有盲人导航项目商业化目标，但仅研究概况与未来试点建议，未见实际方法执行证据。,2,2,card
conv_d7b76e8bd461,暂存,BIZ,0,技术商业前景建议未应用验证,1,1,card
conv_70394b694181,暂存,BIZ,0,科研商业化分析内容交付，缺实际决策修订,1,1,card
conv_cae4e426653f,暂存,BIZ,0,有穿戴项目市场判断目标，当前项目本身未核实，输出主要是泛化商业建议。,2,1,card
conv_1f01a66fa85c,暂存,BIZ,0,具体技术资料稀缺，泛工程风险清单不能冒充已执行方法,2,1,card
conv_78d62a67dca0,暂存,EDU,0,项目评审缺具体材料，仅要求补充或搜索,6,3,card
conv_388ccceeac6a,暂存,NEWS,0,新闻整理及知识库重排存在具体目标，但卡片只见整理完成清单，没有操作依据及检验。,6,4,card
conv_e5c7e28a572b,保留,EDU,1,课程时程和实践前提被多次纠正，用户访谈加入AI素养基线,106,97,expanded
conv_69ee59997792,暂存,NEWS,0,delivery修复仅一句意图与配置回执，未说明故障处理,2,3,card
conv_ebd31d802493,暂存,OFFICE,0,资讯图生成主要为图片预览和完成声明，缺少可复用生成或修正方法。,2,2,card
conv_838dbbd03671,暂存,COMM,0,邮箱测试与占位模板待澄清，未完成实际附件发送,5,6,card
conv_526e4b625656,保留,OFFICE,1,正文提供明确的可复用方法或修订约束,14,10,card
conv_90f0a9bfcda3,排除,BIZ,0,单一机构简介查询，无具体交付工作流。,2,1,card
conv_276e97b595fc,暂存,OFFICE,0,图片范围和目标不明，停在澄清,1,1,card
conv_d8a1afbb6261,排除,BIZ,0,律所规模事实查询,2,1,card
conv_e1abd4bbdef6,暂存,BIZ,0,有寻找投资机构的任务，但主要为名单及联系建议，缺少筛选核验过程。,2,1,card
conv_2d9785e74cc9,暂存,EDU,0,成绩单核对只展示结果，详细关联键及等级换算方法待核,2,1,card
conv_41874c950938,保留,OFFICE,1,正文提供明确的可复用方法或修订约束,6,5,card
conv_048674ddbdcd,暂存,OFFICE,0,Logo连续换色换风格，仅见变体结果，未见用户可迁移评价标准或修正方法。,14,8,card
conv_a52e0748557e,保留,DATA,1,分录前两表版本和来源行核对、主体与时间范围明确,5,3,card
conv_29d3bbe4f89c,排除,BIZ,0,竞赛规则和数据权属一般问答，无具体办事轨迹,6,3,card
conv_6318c0ad05d5,保留,BIZ,1,用户指出技术PPT空洞与风格不一致，正文给出信息层次补足和先样页校准方法。,27,82,card
conv_3ab8a0fb6f1d,排除,TECH,0,AI图像检测技术概念咨询，无具体检测任务,1,1,card
conv_e3bae72c47a1,排除,EDU,0,水印字样事实查询,1,1,card
conv_aabdd747c639,排除,LIFE,0,机场贵宾室规则查询，无具体工作流。,2,1,card
conv_6f9964f1a35e,暂存,HR,0,简历排名与报告完成说明，当前未呈现新具体方法,2,2,card
conv_d6bd4b7b8289,暂存,EDU,0,教案成品提纲，未有设计修订或实施方法,2,1,card
conv_89047a8a2890,保留,BIZ,1,商业BP核验明确区分合作方存在与合作关系证明。,2,1,card
conv_e153e826314b,暂存,OFFICE,0,已有报告总结及PPT澄清，需查看实际生成过程,10,21,expanded
conv_fbc466c9dfb1,保留,DATA,1,正文提供明确的可复用方法或修订约束,4,2,card
conv_1abb9b63fab8,保留,OFFICE,1,用户纠正专家回复过硬语气，正文提供不改变决策立场的软化方式。,6,3,card
conv_b4adad3e5e84,保留,ASSIST,1,用户给出PRD关键确认流程，可保留真实反馈，不采信Darwin自评分,16,27,card
conv_73c2457a4444,暂存,HR,0,推荐矩阵与岗位要点，没有充分展示筛选方法证据,4,2,card
conv_ed15a7e62fc8,保留,DATA,1,扩读发现用户要求原文不动的正式Word转换，正文给出格式映射；不采纳画像中的主观断言。,24,20,expanded
conv_0286cd54e494,暂存,BIZ,0,行业研究与投资备忘录主要为判断结论，具体核查方法待核,6,3,card
conv_55c080af5636,排除,OFFICE,0,文字校对无错误与具体修订,2,1,card
conv_9f6d50d799ed,暂存,OFFICE,0,正式报告任务仅见完成路径和章节介绍，未见原文保真或生成方法。,1,1,card
conv_eef53786cca7,排除,ASSIST,0,纯人格设定与问候,4,2,card
conv_2dff0a98f3d5,保留,HR,1,正文提供明确的可复用方法或修订约束,12,6,card
conv_993b0303d2fe,暂存,ASSIST,0,安装Gitee技能仅为检查计划和安装指南，未有实际配置、纠错或回执。,2,2,card
conv_f8e6690dc34e,排除,ASSIST,0,纯人格设定,1,1,card
conv_274ca834bbd0,保留,DATA,1,正文提供明确的可复用方法或修订约束,22,12,expanded
conv_f018675b60ff,暂存,OFFICE,0,保存提示词及首张生成仅有存档和结果声明，未见实际修正或操作方法。,4,4,card
conv_cc0954e39572,暂存,HR,0,产品岗位排名结果，无清楚过程修订,4,2,card
conv_30403ed1c446,暂存,HR,0,推荐函模板和Word交付，缺落实核验过程,6,4,card
conv_a6b0659f80fd,暂存,OFFICE,0,扩读全部AI后仅见逐批图片生成、页数汇总及合并完成；缺少可复用执行方法，质量问题没有实际修正。,10,18,expanded
conv_6afa471cb8bd,暂存,BIZ,0,股东查询及海报完成，无生成方法,4,4,card
conv_184c226c5423,暂存,KNOW,0,三天工作记录摘要和Word交付,3,2,card
conv_a8c9e0a91b64,排除,EDU,0,访谈案例与通用技巧问答，未开展具体访谈任务。,2,1,card
conv_e65a794ba74b,排除,UNCLEAR,0,只有问候,2,1,card
conv_b7ba5440d5ed,排除,ASSIST,0,人格设置与寒暄，无业务任务,4,2,card
conv_4dff386a54ac,保留,HR,1,扩读发现简历定制问题、真实面试记录和用户对终面状态的纠正，存在可迁移招聘评估方法。,33,21,expanded
conv_2dc9cce94529,暂存,OFFICE,0,问题定义改稿只有一句成品，实际用户原需求未完整呈现,4,4,card
conv_e1f6193e48c8,暂存,EDU,0,学校分析数据摘要与Word输出，未有评估方法过程,2,2,card
conv_a787eef546c3,暂存,DATA,0,用户要求将用量改到指定数值且认为精确值太假，数据真实性没有保证，不将修改数值作为可学习方法。,6,3,card
conv_6ebe8e1cb53e,保留,DATA,1,客户账单报告发生货币口径、页面和人均指标修订,8,4,card
conv_7f7ed36bdd37,暂存,BIZ,0,上市可行性内容与下载问题，缺具体数据核验或修复,4,4,card
conv_c905e21d3e8d,排除,BIZ,0,证券概念解释及泛化行情判断，无具体可复用任务方法。,2,1,card
conv_0654e7f191cf,保留,EDU,1,海报与课程评分有具体用户反馈，避免把知识问答和邮箱段拼入方法,68,63,expanded
conv_e0ea2802f1e7,保留,ASSIST,1,正文提供明确的可复用方法或修订约束,22,14,card
conv_e1268e2d935d,暂存,HR,0,岗位简历判断主要给出候选人推荐结果，缺少能核查的筛选过程和实际反馈。,2,2,card
conv_edc9bbda3d45,保留,DATA,1,反馈分析要求根因、改进及工作项关联并补回来源键,11,7,card
conv_aa7a828cecf9,保留,KNOW,1,正文提供明确的可复用方法或修订约束,26,35,card
conv_8aceda2d9422,保留,BIZ,1,董秘候选人核验包含资历比对及岗位业务检验，保留局部而非整段行业查询。,13,12,card
conv_f53a77925865,暂存,HR,0,简历排序与推荐摘要，缺过程方法证据,2,2,card
conv_de8e5263bc49,暂存,HR,0,医美岗位候选推荐内容，缺更具体筛选过程或修订,2,1,card
conv_89f924603721,排除,ASSIST,0,数据审计技能能力介绍与追问，尚无具体审计任务。,2,1,card
conv_cc1fb6784019,暂存,HR,0,临床简历对比有结果，但器械类别等关键证据需核对,2,1,card
conv_3826e9551bbb,排除,EDU,0,解释既有论文审查技能规范，不是本轮审查经验,6,3,card
conv_a47df5b9e92d,暂存,HR,0,简历筛选主要给出推荐结论，缺少可核查的筛选方法。,2,1,card
conv_3780fed773b1,排除,ASSIST,0,重复人格切换，无实质任务,11,8,card
conv_dd0ca1b95895,暂存,TECH,0,产品下载体验建议，未实施或反馈修订,1,1,card
conv_b593fd6024ec,保留,EDU,1,为具体高中数学主题给出可测核心素养目标的教案写法。,2,2,card
conv_ec362ccc37b2,暂存,EDU,0,学校对比请求返回风险错误，没有方法,1,1,card
conv_511db6d42dd6,暂存,EDU,0,高校数据分析与Word偏好，未有可靠方法，系别推断不当真值,3,3,card
conv_46e26e1f4765,排除,UNCLEAR,0,问候及助手初始化，无业务任务。,2,1,card
conv_778bb56fc693,保留,HR,1,产品运营JD逐项关联Bad Case实践，面试核验项具体,8,4,card
conv_d24cd2217f67,保留,OFFICE,1,正文提供明确的可复用方法或修订约束,2,5,expanded
conv_af2aec99426f,保留,OFFICE,1,扩读发现多次真实素材纠正及脚本相应修订，保留宣传脚本局部。,34,17,expanded
conv_22ef3f8a5b1d,保留,TECH,1,对单条需求先建议入口后重新核对全量反馈，方法与局限可学习,4,2,card
conv_f9609f371c59,保留,BIZ,1,正文提供明确的可复用方法或修订约束,66,33,expanded
conv_d9f4dacbc28d,暂存,BIZ,0,产品定位提问缺少确定背景，助手只能推测和追问。,1,1,card
conv_4a1c138b80e0,保留,BIZ,1,投资汇报被用户纠正内容缺漏并扩成完整结构,14,12,card
conv_7ee2fcb0fa23,排除,ASSIST,0,只有人格设置,2,1,card
conv_0c7af9f7e430,暂存,HR,0,岗位筛选为候选人推荐摘要，缺少可核查方法正文。,2,1,card
conv_eb5b67d8034a,暂存,DATA,0,请求字段不存在，尚未形成统计或具体修订过程,6,9,card
conv_c618f1f9fb24,保留,OFFICE,1,正文提供明确的可复用方法或修订约束,3,2,card
conv_d0622b2b40fe,排除,ASSIST,0,查询助手模型，无业务任务。,2,1,card
conv_c5dcd58f612e,保留,OFFICE,1,图片嵌入无法编辑后用户要求可编辑版，明确两类交付区别,4,2,card
conv_271afc5da7d7,暂存,BIZ,0,扩读确认安装源500和CLI依赖缺失，商查结果以内容交付为主，未有具体可靠修复,30,22,card
conv_c73acc83eff3,暂存,EDU,0,扩读仅见风格确认、生成和检查声明，尚未有实际修改或验证方法正文。,6,11,expanded
conv_d24699626ce3,暂存,BIZ,0,企业查询失败及宣传图需求没有可用AI方法回应,14,0,card
conv_0932fbcb8569,保留,EDU,1,正文提供明确的可复用方法或修订约束,4,3,expanded
conv_743061bd79ec,排除,UNCLEAR,0,问候无具体任务。,1,1,card
conv_bef70ee7b697,暂存,KNOW,0,本地笔记替代IMA输出，来源与时间依据待核,2,5,card
conv_d0b93a4ff64e,暂存,BIZ,0,工商查询失败只有技能安装回执,7,1,card
conv_955ff0e3a0f7,暂存,EDU,0,多目标会话仅见通用新人部署SOP章节概要和交付声明，未见实际部署经验。,12,10,card
conv_d29e1fb0d436,暂存,BIZ,0,Cookie登录与获取方案未见结果，具体操作安全性和适配待核,22,16,expanded
conv_733ff682bace,排除,UNCLEAR,0,仅问候,2,1,card
conv_cadab6a4bb36,暂存,COMM,0,具体日历任务因账户未配置受阻，仅有已有技能说明与补配置请求。,6,4,card
conv_9a2a546a25e0,暂存,EDU,0,教案和HTML成品结构属于标准内容，未见修订或新方法,4,3,card
conv_59024c2ff574,暂存,BIZ,0,销售目标具体但只澄清与可选服务清单,2,2,card
conv_2af1f4a23421,排除,KNOW,0,知识库内容概览问答，无具体处理方法。,2,1,card
conv_c24e8aafefe2,排除,ASSIST,0,助手能力介绍，无具体任务,1,1,card
conv_c653c0000362,暂存,ASSIST,0,扩读仅权限问题与安装成功，未说明具体修复过程,2,8,card
conv_29325dd2d985,保留,BIZ,1,扩读发现已评审需求的邮件及微信沟通按对方角色进行修正。,31,21,expanded
conv_dbc02e0c62f0,保留,ASSIST,1,用户要求去掉外部付费检索依赖，具体检测维度对照有范围约束,4,9,card
conv_17127f4c363e,暂存,BIZ,0,商查无法取得信用代码，仅备用查询建议,6,6,card
conv_8fa8be214b9b,保留,BIZ,1,扩读发现MCP身份校验失败、公开搜索回退与用户更换认证配置后的查询，保留可区分数据来源的局部。,17,25,expanded
conv_514f6d8693d2,保留,OFFICE,1,阶段汇报逐页修订明确开发不等交付，项目阶段和示例保留有反馈,28,82,card
conv_b15887780f3c,保留,ASSIST,1,正文提供明确的可复用方法或修订约束,26,24,expanded
conv_7b0f42be7687,保留,ASSIST,1,企业查询正文包含多名称未命中的边界判断与补标识途径，而非只宣布查询失败。,13,12,card
conv_e785906dc669,保留,OFFICE,1,广告用语修订明确指出从疾病宣称改成安全断言仍非合规，可保留核查方法而不认证法律结论,15,115,card
conv_9d7c7cd16e66,暂存,HR,0,单轮招聘JD内容交付,1,1,card
conv_8db3b8a31958,排除,UNCLEAR,0,问候及初始化无任务。,1,1,card
conv_9ff4bfac6770,暂存,KNOW,0,没有历史任务资料，停在请补信息,2,1,card
conv_6ec1fe3b232e,暂存,UNCLEAR,0,单轮商业评价，未具体展示核验或决策过程,2,1,card
conv_6767cce50244,暂存,BIZ,0,人物查询仅有背景结果，未见可靠身份消歧核验方法。,2,2,card
conv_3a1a6f557a95,暂存,NEWS,0,新闻与PPT流程为已有技能常规步骤，新闻内容真实性缺证,8,13,expanded
conv_979687e08e23,保留,NEWS,1,正文提供明确的可复用方法或修订约束,10,11,card
conv_90e543b2e886,暂存,KNOW,0,扩读记忆更新为能力说明、画像及写入声明，无可核查的经验提炼方法。,6,6,expanded
conv_d44c571a317f,排除,KNOW,0,记忆/助手身份初始化操作没有业务学习方法,5,3,card
conv_690b29952981,排除,NEWS,0,今日新闻信息查询,2,1,card
conv_67f1689ddf0e,暂存,LIFE,0,酒店比较为事实推荐与距离查询，缺少可迁移的任务处理方法。,3,3,card
conv_0166bc150833,暂存,OFFICE,0,宣传图完成摘要无方法,2,3,card
conv_12fc39ca6b57,保留,HR,1,正文提供明确的可复用方法或修订约束,6,3,card
conv_d83252ae38aa,保留,OFFICE,1,图片文字错误的定位、上下文判断和最小像素修复正文清楚。,2,5,card
conv_ba17ea1e9b2e,排除,OFFICE,0,服务协议一次内容概述，没有新方法,1,2,card
conv_67ca44d4a4a1,暂存,BIZ,0,尽调清单只板块摘要，缺关键问题与验证条件,4,5,card
conv_80a93aaff78b,保留,TECH,1,真实反馈反复指出职业卡片不显示，正文给出加载方式及回退修订。,29,134,card
conv_5bf3cadb38c0,保留,LEGAL,1,PRD更新合同明确保留法务条款并交修改清单,10,5,card
conv_7df2a2fe5a12,暂存,NEWS,0,扩读新闻生图为进度与成品，未有具体方法修订,10,15,card
conv_052e24c34b9d,暂存,EDU,0,学生手册仅见提取成功与知识点摘要，缺少文本恢复或检索方法。,1,3,card
conv_a23ce9b33b5b,保留,COMM,1,通知截止日生成提前提醒，已完成事项取消而保留其他提醒,4,6,card
conv_6f403630f4d5,暂存,BIZ,0,平台商业模式建议与人力成本质疑，未执行验证,4,4,card
conv_d1025b450634,保留,HR,1,具体候选人面试设计给出问题、考察点和提前筛除条件。,10,7,card
conv_2d755771f0da,保留,LEGAL,1,实际合同与初稿比较形成保留法务范围，但自评分不作效果证据,20,76,expanded
conv_ba9209bcc8df,保留,EDU,1,正文提供明确的可复用方法或修订约束,6,7,expanded
conv_34b56ae9c535,保留,TECH,1,扩读发现用户反复反馈击飞后不落地，正文诊断地面状态与重力条件并给出实际修订。,7,20,expanded
conv_f272a48caec1,排除,BIZ,0,通知申报要求事实查询，无具体申报执行任务,1,1,card
conv_9f957d375a3c,排除,BIZ,0,投资机构名单与活跃度事实查询，无实际融资任务轨迹,4,2,card
conv_4084bdf37c76,暂存,UNCLEAR,0,合作机会分析为方案建议，缺少实际合作评估方法或后续检验。,1,1,card
conv_dd79868b770b,保留,EDU,1,有明确返工与版式约束,24,83,card
conv_be057918b86a,排除,BIZ,0,企业董事长任职事实查询,1,1,card
conv_692eb36fe8af,暂存,HR,0,简历筛选输出主要是推荐及报告声明，缺少核验方法和反馈。,4,7,card
conv_a34b4d5a16a2,暂存,OFFICE,0,头像变体交付，尚缺可抽取方法,4,12,expanded
conv_b5e6f3d3bab9,保留,DATA,1,正文提供明确的可复用方法或修订约束,4,13,card
conv_9c7276cba6b3,保留,OFFICE,1,演示稿与使用说明转换包含按角色组织、操作步骤和数值一致约束。,21,34,card
conv_bbc616c87ca2,排除,EDU,0,知识讲解与章节总结，未见可迁移任务经验,2,1,card
conv_be93478eb297,排除,BIZ,0,泛获客框架问答，未给具体对象或执行目标,2,1,card
conv_52dfe7748f87,保留,DATA,1,现金流归类、公式保留及源文件纠正有明确正文和用户反馈。,7,7,card
conv_84285a261397,保留,BIZ,1,编辑范围约束并发现数值口径错误,8,25,card
conv_a3ec6234422a,暂存,EDU,0,应用场景报告与上下文回顾，缺可复用方法,4,7,card
conv_1c97d2555405,暂存,ASSIST,0,知识库接入只见一般说明和尚待凭据的方案，未有实际换取节点标识或调用证据。,2,1,card
conv_2c6000fce9b3,保留,BIZ,1,扩读未展示AI发现任务内具体诊断、纠正或处理条件,59,105,expanded
conv_9deb486b438b,保留,BIZ,1,正文提供明确的可复用方法或修订约束,22,23,expanded
conv_d6280d2e17a6,排除,LIFE,0,低磷肉源的知识查询，无具体执行任务。,2,1,card
conv_39ee73dad7d3,保留,LEGAL,1,财务报表存在明确核验链条,13,43,card
conv_1abc2b301924,排除,ASSIST,0,仅人格与能力边界设置,2,2,card
conv_fcee61c6481d,保留,BIZ,1,扩读发现Excel照片错位及重叠反馈，实际识别、引用关联与行高修订正文。,61,100,expanded
conv_d464c520f707,暂存,OFFICE,0,视频目标存在但链接与关键输入缺失，未见执行方法,8,5,card
conv_9dcf4da08633,保留,BIZ,1,正文提供明确的可复用方法或修订约束,10,33,card
conv_8e704f119abe,保留,OFFICE,1,整合源资料有主体不符的排除判断，多轮用户纠正后存在局部版式重构说明。,112,860,card
conv_4a2da8d3a8da,保留,TECH,1,用户纠正残留品牌及图标不一致,26,107,expanded
conv_1c49b4ff69dd,保留,OFFICE,1,正文提供明确的可复用方法或修订约束,5,22,card
conv_6c48bf880731,保留,LEGAL,1,依据具体租赁合同定位设施责任和履约边界，生成催告函。,2,10,card
conv_e13d8257bf0f,保留,BIZ,1,系列产物出现数量与一致性返工,35,134,card
conv_706422e52fff,保留,TECH,1,正文提供明确的可复用方法或修订约束,5,5,card
conv_dfdb61deda75,暂存,OFFICE,0,图片转换仅见描述及成功声明，缺少生成或修正方法。,2,11,card
conv_da1f7d904ff2,保留,HR,1,招聘结果包含针对简历真实性的核验条件,2,10,card
conv_874f133d1919,暂存,TECH,0,下载响应慢的泛排障建议，缺场景和真实诊断,1,1,card
conv_20d5b2c4f5aa,保留,BIZ,1,项目评审正文把笼统成熟度声明拆成可追问的分级证据。,1,1,card
conv_579e557ec04f,保留,LEGAL,1,NDA多轮修订明确来源、角色和阶段,37,156,card
conv_69148bb26513,保留,LEGAL,1,正文提供明确的可复用方法或修订约束,6,14,card
conv_6f4fad2b911f,保留,BIZ,1,扩读发现Excel函数速查文件把示例当公式造成错误并两列修复。,113,243,expanded
conv_ae3627d8a84b,保留,BIZ,1,用户纠正图片转换被扩展为内容创作,12,65,expanded
conv_4f4ef4b79804,排除,LIFE,0,公众号可靠性事实咨询，没有具体业务行动,2,4,card
conv_12afb60bc758,保留,BIZ,1,扩读实际多轮企业尽调含来源切换与师承/股权边界，保留可靠方法而非未经独立验证的结论。,19,60,expanded
conv_1caa4df498cc,暂存,BIZ,0,报告合并与完成声明，未见关键方法,2,5,card
conv_7f6fea7668f9,保留,BIZ,1,正文提供明确的可复用方法或修订约束,3,20,card
conv_ac64a14e656f,暂存,NEWS,0,新闻搜集和文档输出以事实摘要为主，缺少来源核验及转换方法。,16,23,card
conv_b69071f509d3,保留,NEWS,1,扩读未展示AI发现任务内具体诊断、纠正或处理条件,20,37,expanded
conv_ce98bb35ce1e,保留,BIZ,1,正文提供明确的可复用方法或修订约束,2,8,card
conv_c33a2405a616,暂存,LIFE,0,量表施测和分数结果存在具体目标，但题目和评分规范真实性未核查，正文未见实际计算过程。,6,3,card
conv_983139a0de52,排除,OFFICE,0,能力询问，无具体待执行目标,2,1,card
conv_395a52163219,保留,OFFICE,1,正文提供明确的可复用方法或修订约束,30,37,expanded
conv_9ac6d14f0ae5,暂存,ASSIST,0,组织用量查询诊断权限不足，只有环境边界与未执行替代建议，无正确执行路径。,2,2,card
conv_a8721290b989,保留,BIZ,1,评分框架有多轮范围与层级纠正,17,35,card
conv_05a1114102cf,保留,TECH,1,正文提供明确的可复用方法或修订约束,41,138,expanded
conv_1c5e6b392159,保留,HR,1,扩读发现用户纠正简历范围后按日期及MD5去重的具体处理。,8,20,expanded
conv_9a4530fee647,暂存,HR,0,岗位目标明确但选读内容仅报告交付摘要,2,8,card
conv_f9a02361c038,暂存,BIZ,0,项目信息压缩和万字标书交付，未展示可复用核查过程,14,28,card
conv_3dd6155f18fc,保留,DATA,1,重复周报用户反馈要求提取数据而非贴图，正文发现OCR错数和未激活残留。,27,139,card
conv_aac2202c868c,保留,EDU,1,教学产物区分示例与可操作模板,32,69,card
conv_a54838487747,保留,BIZ,1,正文提供明确的可复用方法或修订约束,3,33,expanded
conv_58cbbc1e3d0a,保留,EDU,1,扩读用户确定产品固定收费与赛事分成，正文分开净利润口径，保留局部协议组织方法。,79,154,expanded
conv_a196d952691c,保留,OFFICE,1,图像修复明确高风险区域与筛选步骤,8,51,card
conv_c90bb002011a,保留,OFFICE,1,正文提供明确的可复用方法或修订约束,2,6,card
conv_5531621c6237,暂存,LEGAL,0,股东身份税务咨询虽细化事实，但为未验证法律建议，没有实际办理或核查闭环。,11,26,card
conv_62c16b4032bf,保留,LEGAL,1,用户纠正合同职责与内部信息泄漏,13,101,card
conv_4380f019d4cf,保留,TECH,1,正文提供明确的可复用方法或修订约束,8,15,card
conv_1c289044d62b,保留,LEGAL,1,具体保密协议审查发现接收主体与信息流向漏洞，并补充定义和突出修改。,6,15,card
conv_3cf0f7358f02,暂存,HR,0,招聘对比与交付形式纠正，尚缺具体核验过程,4,6,card
conv_e497d1970d81,保留,HR,1,正文提供明确的可复用方法或修订约束,8,14,card
conv_0b962128eb65,排除,BIZ,0,财务概念解释，无具体执行任务。,2,1,card
conv_194d78b87905,保留,HR,1,岗位评估出现先验预算筛查条件,4,15,card
conv_056a7255a9bc,暂存,ASSIST,0,技能移动完成但加载影响未验证，缺可靠修复,6,14,card
conv_eaf2e429a225,保留,OFFICE,1,用户指出视频画中画太小及开头文字重叠，正文有定位、重排及尺寸修订。,6,71,card
conv_c1cb525d2414,保留,OFFICE,1,用户明确纠正解压任务被无端扩展,2,20,card
conv_bb5e39c2a2aa,保留,OFFICE,1,正文提供明确的可复用方法或修订约束,2,7,card
conv_dfc17606c803,排除,DATA,0,明确使用模拟财务案例文件和平台技能全量演示素材，不能当真实企业业务轨迹。,1,4,card
conv_230c66505a14,暂存,EDU,0,研发方案交付摘要，未见关键方法或修订,1,5,card
conv_5abf992fe03e,排除,OFFICE,0,平台多部门应用示范素材合成，不作为企业执行学习经历,2,25,card
conv_fd3b83a1061c,暂存,OFFICE,0,概念图仅为生成与通过检查声明，无可复用方法正文。,1,5,card
conv_1ec77749aa65,保留,OFFICE,1,文档渲染发现分页、目录与封面问题并修复,1,37,card
conv_85bac8c8af6e,排除,DATA,0,明确使用模拟财务数据的技能演示，不作为企业真实任务证据,1,29,card
conv_71b145de3304,暂存,BIZ,0,客服ROI仅按给定预期自动化比例直接折算工资节省，未交代实际人力释放与节省条件，不能直接学习收益结论。,1,2,card
conv_a4b444ef90b2,保留,BIZ,1,扩读未展示AI发现任务内具体诊断、纠正或处理条件,1,11,expanded
conv_60936d7d143e,暂存,HR,0,法务推荐与香港入职法规说明，未展示实际处理或修订,4,8,card
conv_201631a6dabf,保留,LEGAL,1,具体绩效制度逐条风险审查包含工资类型及解除程序的区分。,1,8,card
conv_6e00ca9901d4,暂存,OFFICE,0,附件打分及格式交付，未见具体评分证据链,1,1,card
conv_fee286579ecd,暂存,HR,0,裁岗方案与模板交付，具体工资与解除路径未核实,2,6,card
conv_9ff5e9d7e874,暂存,HR,0,绩效方案为规划和既有技能框架，未见执行或修订经验。,1,1,card
conv_5088c71b9194,保留,HR,1,扩读未展示AI发现任务内具体诊断、纠正或处理条件,10,28,expanded
conv_b66a59b58652,排除,HR,0,明确模拟入职需求与平台案例操作,1,4,card
conv_ccf77916e240,暂存,TECH,0,架构图重绘主要为生成结果与复杂度对比，未见技术关系核验方法。,4,12,card
conv_4da8ee446e3a,保留,HR,1,扩读未展示AI发现任务内具体诊断、纠正或处理条件,2,17,expanded
conv_d628331d380b,保留,OFFICE,1,正文提供明确的可复用方法或修订约束,5,19,card
conv_baa17fbb85ec,排除,DATA,0,明确为模拟输入、企业案例技能演示，不作真实业务轨迹。,1,18,card
conv_3ae75a94697f,保留,DATA,1,扩读未展示AI发现任务内具体诊断、纠正或处理条件,2,36,expanded
conv_88c15f68fcd5,排除,DATA,0,明确模拟DCF输入的技能演示,1,26,card
conv_f128041d3dc7,保留,TECH,1,用户指出模型信息过时，正文包含重新检索及未取得价格值的展示规则。,9,36,card
conv_326207f68ae1,排除,KNOW,0,概念价值咨询，无实际任务执行或修订,2,1,card
conv_000329fc9167,排除,LEGAL,0,明确模拟CRO合同的平台演示,1,6,card
conv_63cd088280e4,排除,LEGAL,0,显式虚构的签约风险模拟案例。,1,3,card
conv_ddbd2b72cd94,排除,LEGAL,0,平台模拟素材的风险评估演示,1,3,card
conv_1603dabeb270,排除,EDU,0,平台和服务机构信息查询,1,1,card
conv_3a2929dd4123,排除,BIZ,0,用户明确只用模拟资料。,1,2,card
conv_d374a80f6dc6,保留,EDU,1,用户对直接转换PDF提出明确返工,3,10,card
conv_1765ca7d99bb,保留,TECH,1,正文提供明确的可复用方法或修订约束,4,9,card
conv_815933aa43c7,保留,HR,1,扩读发现误读简历批次后纠正，并有图片PDF转OCR处理。,3,20,expanded
conv_dc141d50dd59,暂存,COMM,0,邮件配置与发送记录，未见异常诊断或新的复用经验,3,10,card
conv_91d7eae7f753,保留,BIZ,1,正文提供明确的可复用方法或修订约束,2,16,card
conv_f5e696fd661b,保留,OFFICE,1,扩读有原PPT逐页读取、首张检查和统一脚本批量生成的实际过程。,3,25,expanded
conv_23adf8fd855f,暂存,LEGAL,0,付款编码与地址事实查询，未见可核实的业务执行方法,3,5,card
conv_0c5f19d450fa,保留,ASSIST,1,正文提供明确的可复用方法或修订约束,2,12,expanded
conv_bf7c7b128edf,保留,TECH,1,PC/平板响应式检查明确找到问题并逐项修复。,1,13,card
conv_9f52e89fe262,保留,BIZ,1,多版本财务测算存在具体公式诊断与修订回流,52,147,card
conv_049156fe4bfc,保留,OFFICE,1,正文提供明确的可复用方法或修订约束,2,28,expanded
conv_e4524ffbc723,排除,HR,0,来自平台技能全量案例及企业模拟素材，不能作真实岗位招聘轨迹。,1,6,card
conv_e982ce5c14b0,暂存,OFFICE,0,PDF提取任务中止，无可抽取执行经验,1,1,card
conv_bc9366497601,保留,OFFICE,1,正文提供明确的可复用方法或修订约束,1,17,card
conv_920face391e5,排除,BIZ,0,使用明确模拟客户及竞品资料的技能演示。,1,7,card
conv_737c4b010b18,保留,OFFICE,1,用户修订业务流程与汇报边界,4,23,card
conv_8ca69d6ae5ea,保留,LEGAL,1,正文提供明确的可复用方法或修订约束,1,9,card
conv_c1ad314b1771,暂存,OFFICE,0,填表仅见结构确认及评分结果，未说明如何从原材料映射证据并定分。,1,10,card
conv_e428a2831260,暂存,ASSIST,0,已有技能及OAuth配置教程，未见异常修订或独有经验,4,12,expanded
conv_97579cceae5e,保留,TECH,1,正文提供明确的可复用方法或修订约束,6,27,expanded
conv_459d2d4c662a,保留,TECH,1,用户外部复核纠正测试口径，正文有从零调度、互斥锁及动态证据整改。,4,49,card
conv_8b8570891486,保留,LEGAL,1,保密协议修订包含具体披露条件与审阅版本,2,13,card
conv_4af767266aac,保留,ASSIST,1,正文提供明确的可复用方法或修订约束,1,17,card
conv_6fb29f5be5cb,暂存,HR,0,专家履历整理主要为追问模板与证券代码补充，未见具体归纳修正方法。,8,6,card
conv_3fe46a755f7b,排除,UNCLEAR,0,问候与查看上下文，没有具体任务目标,2,3,card
conv_51ff44422ce5,暂存,OFFICE,0,背景色从深到浅的生图交付，缺进一步方法,2,7,card
conv_7526ed3636a0,暂存,COMM,0,会议提醒仅有已设置声明，没有时区、触发或故障处理过程。,1,3,card
conv_a999f104e767,保留,TECH,1,公众号测试包含具体转换错误与真实验证边界,4,46,card
conv_b50bfc1a5e3e,暂存,EDU,0,三列Excel简单格式转换无学习片段,1,2,card
conv_a2364c686db7,暂存,BIZ,0,域名命名为候选内容答案，暂无可复用验证或工作流。,2,2,card
conv_b17e628f68dc,排除,ASSIST,0,日常回复风格偏好与识猫事实问答，无任务方法,2,2,card
conv_478764074702,保留,HR,1,正文提供明确的可复用方法或修订约束,3,3,card
conv_67e989e61842,保留,BIZ,1,扩读多轮页面修订包含批量替换扩散错误及视觉模型误判的交叉检查。,11,79,expanded
conv_a4a614339e1f,排除,EDU,0,榜单入口与参与信息查询，无实际参评轨迹,4,5,card
conv_1cb56954fbb3,保留,BIZ,1,正文提供明确的可复用方法或修订约束,10,57,card
conv_2e74260e9cc9,排除,UNCLEAR,0,对截图内容的解释问答，无具体执行任务。,1,2,card
conv_6dcabb7eaa6c,暂存,BIZ,0,行业研究内容交付，未见实际分析方法或修订,8,8,card
conv_8487ad8077f4,保留,BIZ,1,正文提供明确的可复用方法或修订约束,4,41,expanded
conv_19680ac4434e,保留,BIZ,1,扩读用户指出正式尽调清单不适合初次线上交流，正文相应调整提问粒度和阶段。,20,28,expanded
conv_257dffc8682f,暂存,BIZ,0,行业简报及成本内容扩充，未见证据核验或业务使用,4,12,expanded
conv_2680d1b5f71e,暂存,HR,0,办公地址和招聘介绍内容交付,3,5,card
conv_2536c05a3a96,排除,LIFE,0,店铺地点查询，无可学习流程。,1,2,card
conv_8416abba6493,暂存,BIZ,0,研究报告目标明确，但当前只见检索计划及完成摘要,1,8,card
conv_97100bdcb068,保留,LEGAL,1,正文提供明确的可复用方法或修订约束,1,6,card
conv_0c737ce414b9,暂存,BIZ,0,用户仅给主题碎片，助手输出纪要模板及占位内容，缺实际访谈或明确分析任务。,4,9,card
conv_db09358aab86,暂存,HR,0,JD与薪资咨询目标明确，需扩查实际候选人比较过程,6,16,expanded
conv_15bf426031fc,保留,BIZ,1,正文提供明确的可复用方法或修订约束,50,221,expanded
conv_32570f971950,保留,LEGAL,1,TS修订有资金用途、共管边界及文书复杂度的多次明确纠正。,16,27,card
conv_6b1d5998b0e7,暂存,NEWS,0,新闻与课件框架，未见可复用的执行经验,4,10,card
conv_3865e13a3e1c,保留,NEWS,1,正文提供明确的可复用方法或修订约束,5,14,expanded
conv_461e2d0f1ef1,保留,ASSIST,1,外部访问授权失败的诊断正文区分用户登录和应用scope，并指出发布生效。,9,50,card
conv_315b16c7b8ce,保留,LEGAL,1,多轮收购咨询出现法律术语纠错,14,7,card
conv_c6fc21e35678,暂存,BIZ,0,医疗公司介绍与90题清单交付，缺细题和实际初步沟通方法,2,2,card
conv_22c169c14c36,暂存,BIZ,0,公司介绍及沟通文档仅为分析结果与清单摘要，未见可核查方法。,2,2,card
conv_05a433473107,保留,HR,1,法务筛选有预算和资格预核验条件,2,15,card
conv_6bd36d8775c5,保留,OFFICE,1,正文提供明确的可复用方法或修订约束,11,74,expanded
conv_8a639758269d,暂存,NEWS,0,新闻PPT仅见风格方案、生成声明及文件清单，没有核验或修正方法。,6,18,card
conv_e71276ba785b,保留,HR,1,专业经历不足时明确调整推荐边界,2,10,card
conv_5d1d5410135d,保留,ASSIST,1,正文提供明确的可复用方法或修订约束,4,13,expanded
conv_0592d8887b3d,暂存,LIFE,0,晚餐计划为食谱内容答案与HTML交付，无执行反馈或方法学习证据。,2,2,card
conv_42afc8c572f9,暂存,NEWS,0,当前选读仅已有新闻技能介绍，自动周报执行需扩读,7,20,expanded
conv_b6f82f7b4d96,保留,BIZ,1,正文提供明确的可复用方法或修订约束,10,64,card
conv_0efb58eb1ff1,保留,BIZ,1,长度约束验收发现汉字与总字符口径不同并实际压缩。,2,11,card
conv_f5005161c357,暂存,NEWS,0,新闻课件的通用框架与交付声明，需扩查制作过程,3,14,expanded
conv_0e3d37287c9d,保留,BIZ,1,正文提供明确的可复用方法或修订约束,2,5,card
conv_a9304334a810,保留,HR,1,扩读发现研发岗位JD标题误写、编号混乱及人资JD口语重复，并有具体优化。,21,56,expanded
conv_7bab70b2c925,保留,BIZ,1,同类评审需求连续迁移到多个项目,9,9,card
conv_c08aefce64c5,保留,OFFICE,1,正文提供明确的可复用方法或修订约束,4,16,expanded
conv_2102c00e9b45,暂存,OFFICE,0,封面变体仅见生成与满意，没有可迁移步骤或判断经验。,2,6,card
conv_bcf6044319f6,保留,EDU,1,真实课程决策多次纠正现金和账期遗漏,24,59,card
conv_050cdce318d9,保留,HR,1,正文提供明确的可复用方法或修订约束,11,14,expanded
conv_95d1bff6aaab,排除,NEWS,0,资讯事实查询，无具体任务方法。,2,3,card
conv_f451b5126679,排除,BIZ,0,账户字段及支行信息查询，无业务执行或修订,3,3,card
conv_3a5014f38553,保留,BIZ,1,正文提供明确的可复用方法或修订约束,7,19,card
conv_591e521ac565,保留,LEGAL,1,具体投资承诺函限定个人责任覆盖条款、释放条件及一页格式，并检查低级错误。,4,22,card
conv_f033a81b921f,保留,BIZ,1,销售卡片区分建议优势与待补证事实,1,4,card
conv_e5c0c9f1cd6c,暂存,ASSIST,0,企业微信接入只有通道建议，未选定实施,1,3,card
conv_aefc8e3134ca,保留,EDU,1,具体论文审查正文区分主刊口径、证据层次及实验对照缺口。,3,15,card
conv_ec2e122cb01d,保留,TECH,1,重启复发改变诊断分支,2,5,card
conv_126d0b31d3fa,保留,OFFICE,1,正文提供明确的可复用方法或修订约束,12,40,card
conv_39f277ef5502,暂存,BIZ,0,记账回答在认缴与溢价处理上存在未经核实判断，多目标卡片未呈现可核查整改方法。,9,14,card
conv_fbf6d789df0f,保留,LEGAL,1,股东协议审查给出风险收敛维度,2,6,card
conv_7c24f6692dad,排除,ASSIST,0,钉钉费用事实咨询,1,3,card
conv_70e8edb87e06,保留,LEGAL,1,乙方保密协议逐条对称性与赔偿边界审查有具体可复用方法。,3,7,card
conv_9132ec6b4bf0,保留,OFFICE,1,会议纪要格式和表达经验被实际复用,12,19,card
conv_170be448a556,保留,BIZ,1,正文提供明确的可复用方法或修订约束,6,4,card
conv_37f67058e5a6,暂存,OFFICE,0,产品图只见生成结果及还原细节，缺方法与修正反馈。,1,4,card
conv_941120f650f2,暂存,OFFICE,0,图片交付与上游502重试声明，需扩查实际诊断,5,18,expanded
conv_3fb6b3eb1269,暂存,EDU,0,PPT模板内容提取与授课提案，未生成或修订,4,6,card
conv_9f17c99fde01,排除,OFFICE,0,PPT指定页内容查询，属局部识读答复，无完整可复用业务任务。,1,2,card
conv_dfeccf18e9af,暂存,LIFE,0,个人口号候选内容，未见可迁移方法或修订,2,2,card
conv_304ba9918572,暂存,OFFICE,0,单段英文翻译交付无学习方法,1,1,card
conv_82a1029925ae,排除,ASSIST,0,单次图像模型费用问答，无具体工作流。,1,3,card
conv_2e198f6ce53c,保留,HR,1,候选人评估区分硬条件与待核实事项,8,32,card
conv_d296b8df4dfc,保留,OFFICE,1,正文提供明确的可复用方法或修订约束,2,15,card
conv_0945c1554661,保留,OFFICE,1,按申报书严格评分有扣分依据，模板合并格导致问题并有XML修复与合计校验。,2,14,card
conv_2a6e0203ce09,保留,LEGAL,1,临床合同连续纠正责任、付款及入组计费,16,53,card
conv_0f55f4349bf7,保留,LEGAL,1,正文提供明确的可复用方法或修订约束,9,37,card
conv_7e006bfa0a66,暂存,BIZ,0,平台名单与报告任务有特定数量口径待核实，正文主要为搜集和交付摘要。,1,1,card
conv_bfd9c1c53d28,暂存,ASSIST,0,已有creator身份与文件位置说明，无新的任务执行经验,4,4,card
conv_f4011929e7d4,排除,LIFE,0,游戏名称与开发商事实查询,4,4,card
conv_3126a0980266,保留,LEGAL,1,接收方NDA审核有角色术语误写、信息渠道和责任范围核对及标注修改。,2,9,card
conv_0d28a549f675,保留,OFFICE,1,场景图存在包装文字与Python环境问题,3,16,card
conv_de8c70890684,保留,LEGAL,1,正文提供明确的可复用方法或修订约束,12,21,card
conv_93bc0bdf1c57,暂存,KNOW,0,画像整理目标清楚，但卡片主要为识图与邮箱说明，未见画像归纳及验证过程。,5,3,card
conv_64a5d39a2db8,排除,OFFICE,0,图片内容识别，无后续任务方法,1,1,card
conv_bf6e13e97b7e,暂存,OFFICE,0,单次图片指定三处文字替换，未见问题修订,1,4,card
conv_fd211e07f1dc,保留,OFFICE,1,局部宣传图替换有精确边界、素材尺寸与保留周边的步骤。,1,5,card
conv_4e2a5f3f6545,保留,LIFE,1,旅行图片多轮纠错并要求固化设置,17,24,expanded
conv_931fbc79d13c,暂存,NEWS,0,新闻摘要配横竖封面，扩读仅常规生成与交付,4,12,card
conv_0097ccc80b2d,保留,LEGAL,1,用户纠正估值报告编制方，正文重新划分历史事实与预测免责声明。,6,21,card
conv_f1362216ac2f,排除,KNOW,0,知识图谱节点解释，无实际任务轨迹,2,2,card
conv_0abdcf713f92,排除,EDU,0,明确课堂模拟经营游戏，非企业真实执行轨迹,63,83,card
conv_ff6e82c65308,保留,LEGAL,1,员工激励持股方案多轮调整，正文指出原稿份额尾差、待填项及重复上传识别。,10,46,card
conv_520cd3813908,保留,ASSIST,1,邮件配置遇到模块与运行路径问题,4,4,card
conv_02ef9fcd2a19,排除,ASSIST,0,本地凭据查询，不含业务学习方法,1,1,card
conv_024a98a9e88d,排除,TECH,0,系统破坏命令及拦截边界测试，无企业业务学习目标。,4,2,card
conv_1598eea568d0,排除,NEWS,0,单轮新闻信息查询，无可学习任务方法,1,3,card
conv_f45181b3b8fb,暂存,ASSIST,0,邮件及自有技能打包，缺配置导致停止，未实际可复用交付,2,9,card
conv_59e5ac728e02,排除,OFFICE,0,图片内容识别问答。,2,1,card
conv_60dc573f2126,排除,OFFICE,0,图片文字解释，无执行或反馈经验,2,1,card
conv_8f3f0f50ed96,排除,COMM,0,会议室位置与单次提醒，无学习信息,2,2,card
conv_da7d6a0140d5,保留,BIZ,1,扩读发现固定画布空白、重复DOM锚点及内容占位实测修订。,13,69,expanded
conv_b692170f084d,保留,LEGAL,1,董事会决议审查有签署时点与工作底稿核查,2,8,card
conv_f1adba6c8d85,排除,BIZ,0,融资公司事实名单查询,1,1,card
conv_ad3b60841448,排除,EDU,0,榜单与基准资料查询，无具体评测执行任务。,6,20,card
conv_12303335d17b,保留,LEGAL,1,保留旧轮权利条款出现交叉条款纠错,4,14,card
conv_18b7452951f7,保留,UNCLEAR,1,正文提供明确的可复用方法或修订约束,2,14,expanded
conv_ff2af7890f38,暂存,BIZ,0,公司市场竞争报告主要为事实结论，缺可复用调查方法及后续反馈。,1,1,card
conv_d9fab7f384b4,保留,BIZ,1,扩读未展示AI发现任务内具体诊断、纠正或处理条件,4,27,expanded
conv_57d9f1d61b01,保留,OFFICE,1,正文提供明确的可复用方法或修订约束,19,88,expanded
conv_a9e6bd1941ea,保留,LEGAL,1,正文给出标题法律类别错配和日期矛盾的具体修订依据。,1,3,expanded
conv_a11b380fbe26,排除,EDU,0,教师人数与变化查询，无实际业务任务经验,3,5,card
conv_b6573abf3f8d,暂存,BIZ,0,行业现状报告摘要，未展示业务核查或修订方法,1,1,card
conv_a4d2af651668,排除,BIZ,0,投资指标定义问答，未形成具体任务方法或修订经验。,2,1,card
conv_381f48864647,保留,LEGAL,1,债转股合同有质押对象与条款结构核查,4,13,card
conv_c8099c04b860,保留,OFFICE,1,正文提供明确的可复用方法或修订约束,2,2,card
conv_c19fda1c10e1,保留,LEGAL,1,可转债审查给出保证、质押登记与协作义务的分层判断。,6,39,card
conv_b10b34077d72,保留,LEGAL,1,补贴说明基于多份合同及时间线修订,9,28,card
conv_97afc9662a43,保留,ASSIST,1,正文提供明确的可复用方法或修订约束,2,27,expanded
conv_657689911479,暂存,ASSIST,0,安装需求明确，但可见内容为市场扫描和安装总结，未确认可迁移执行修正。,1,19,card
conv_495ce24cf535,保留,HR,1,岗位匹配中对简历措辞与跨场地经验存疑,6,9,card
conv_bb4071bfb7f1,暂存,COMM,0,常规会议创建完成，无额外方法片段,2,2,card
conv_2516d83adafb,排除,KNOW,0,查找最近纪要并返回摘要，没有新增可学习的任务处理方法。,1,5,card
conv_7fe404bd2fb1,保留,KNOW,1,项目记忆受旧笔记覆盖与姓名更正反馈,10,41,card
conv_a08c766fa806,保留,OFFICE,1,正文提供明确的可复用方法或修订约束,20,65,expanded
conv_e8db180459dc,保留,HR,1,实际JD审阅与修订明确指出公司事实、权责与KPI的具体冲突并修复。,2,2,expanded
conv_1a8d350c4f22,保留,BIZ,1,用户补全企业主体后重新精确检索,6,29,card
conv_eb6cdb8d75c3,暂存,EDU,0,项目评审查不到公开资料，缺具体评审方法或完整材料,6,16,card
conv_3280f99385a1,暂存,EDU,0,项目名称多次调整但主体尚未匹配，资料缺失且未形成可验证处理结论。,3,3,card
conv_6467d83a88d1,保留,BIZ,1,扩读未展示AI发现任务内具体诊断、纠正或处理条件,9,35,expanded
conv_c449dbd85983,保留,OFFICE,1,正文提供明确的可复用方法或修订约束,16,17,card
conv_d4f0a5483b87,暂存,EDU,0,有评审场景，但主要是通用汇报结构建议，未见具体项目材料上的方法应用或反馈。,2,1,card
conv_a31a48be0eef,保留,OFFICE,1,扩读未展示AI发现任务内具体诊断、纠正或处理条件,5,26,expanded
conv_568c394527f8,保留,LIFE,1,正文提供明确的可复用方法或修订约束,21,21,expanded
conv_075d1d056ef3,保留,LEGAL,1,用户指出期限误读和立场偏见，后续正文重新区分条款义务并按新事实调整策略。,16,42,expanded
conv_921e729447bb,保留,OFFICE,1,直接抽取文章结构并形成可替换指令模板,1,1,card
conv_43f0daa73651,保留,LEGAL,1,正文提供明确的可复用方法或修订约束,32,22,card
conv_dea08980348e,保留,OFFICE,1,正文出现并行写入覆盖配图的故障及单独补写与最终检查。,3,16,expanded
conv_0e5f49df8fb6,保留,OFFICE,1,扩读未展示AI发现任务内具体诊断、纠正或处理条件,8,90,expanded
conv_2d85bcabcb65,保留,TECH,1,正文提供明确的可复用方法或修订约束,12,27,expanded
conv_89122b5fe58e,暂存,KNOW,0,寻找文件和参考文献的目标明确，但文件和主题均未找到，仅有排查与追问。,2,19,card
conv_db79df29d8c3,暂存,KNOW,0,文件定位目标存在但未找到来源，无学习方法,1,1,card
conv_9e23d54a01b2,保留,BIZ,1,正文提供明确的可复用方法或修订约束,4,14,card
conv_f95e59fa2a26,保留,BIZ,1,扩读发现邮件云附件获取、错位重命名修正及PDF核验步骤。,6,47,expanded
conv_f1d62ddb0453,保留,COMM,1,视频响度诊断与邮件授权失败有具体条件,2,31,card
conv_870b933e9ff8,保留,OFFICE,1,正文提供明确的可复用方法或修订约束,1,39,card
conv_977222180c98,暂存,COMM,0,扩读证实渲染反复OOM，降低并发与帧数后仍失败，最终仅拟进一步测试，无成功替代方案。,1,48,expanded
conv_ce924f9f86fc,排除,EDU,0,知识节点及成员事实询问，无任务方法,2,2,card
conv_1d184e5920ae,暂存,LIFE,0,个人画像卡交付，图内文字因额度耗尽未检查,1,5,card
conv_bdc2eba9ff39,暂存,EDU,0,作业分析目标明确，但唯一AI回复为流式超时，没有分析方法。,1,1,card
conv_3a27f499e502,暂存,OFFICE,0,科普文档常规内容与完成声明，未见实际制作经验,1,6,card
conv_8e26cf39a820,排除,OFFICE,0,作业内容摘要问答,1,1,card
conv_b9e7fb1a14d1,保留,LIFE,1,详细画像制作正文说明大信息量时底图与文字分工的可复用策略。,7,19,card
conv_af84dab3ef9e,排除,EDU,0,学生团队数量及内容查询，缺资料或超时，不构成任务经验,2,2,card
conv_f2c7eafcee01,保留,EDU,1,正文提供明确的可复用方法或修订约束,2,5,card
conv_a26db494d50b,保留,BIZ,1,用户明确纠正演示稿夹带创作需求，V2具体清除并全文检索。,3,48,card
conv_feb7c0fed490,暂存,OFFICE,0,翻译与格式目标明确，选读仅保真交付声明,5,11,expanded
conv_211006dd61b2,保留,BIZ,1,正文提供明确的可复用方法或修订约束,4,32,expanded
conv_228ebd613017,暂存,LEGAL,0,政策比较虽有修改建议，但主要为结论清单，未见条文核查及具体改写执行。,1,9,card
conv_add3892808ba,暂存,LEGAL,0,境外投资路径法律咨询，未见实际执行核验,4,3,card
conv_b132854c6589,保留,LIFE,1,正文提供明确的可复用方法或修订约束,7,23,card
conv_a612b5379cac,保留,OFFICE,1,音频QA正文用波形和能量识别中文爆破音误报。,2,52,card
conv_aa39a0edc534,保留,BIZ,1,用户补充资金用途后修订估值与退出路径,6,10,card
conv_c7c9955f80d8,保留,EDU,1,正文提供明确的可复用方法或修订约束,2,37,card
conv_b6ece15c4c44,保留,LEGAL,1,合同审阅与资质核验之间有具体进场条件和附件配套。,4,11,card
conv_15221652e821,暂存,OFFICE,0,Word转表格时发现解释器不一致，需扩查具体修复,2,8,card
conv_e5eadb9c491f,保留,HR,1,正文提供明确的可复用方法或修订约束,9,29,card
conv_222c1d76547a,保留,HR,1,用户更新到岗意愿，后续推荐报告撤销地域障碍并保留分项匹配。,7,28,card
conv_708cfd0f4384,保留,LEGAL,1,新实务证据推翻先前法律判断,3,8,card
conv_cb146a3b90b3,排除,EDU,0,做中学政策及课标解释，无实际教学任务执行,1,5,card
conv_8ed19e4b1550,保留,LEGAL,1,实际方案对比针对免管理费即可合规的推断提出控制权与角色分解。,7,21,card
conv_2b8fd8fdd8bc,保留,HR,1,候选筛选有可计算的预算否决边界,8,20,card
conv_5d441d270818,保留,LEGAL,1,正文提供明确的可复用方法或修订约束,5,29,expanded
conv_769c8e9a7039,保留,BIZ,1,多轮融资问答分析找到口径矛盾并按主题分级安排补证。,11,26,card
conv_61447b378f5d,保留,OFFICE,1,同一投资事项多文件发现责任与批注冲突,1,8,card
conv_366ab6b1766a,保留,OFFICE,1,正文提供明确的可复用方法或修订约束,3,44,card
conv_383e0a3ecde7,暂存,LEGAL,0,基金合同解释有具体依据，但尚为缴款规则咨询，未见催缴任务或具体核算过程。,2,7,card
conv_b3d8a26f0bb3,保留,ASSIST,1,扩读未展示AI发现任务内具体诊断、纠正或处理条件,1,11,expanded
conv_0df36094b90c,保留,HR,1,正文提供明确的可复用方法或修订约束,12,37,card
conv_e6b626437ab1,排除,NEWS,0,娱乐事件猜测和一般法律责任问答，缺少企业任务与可复用经验。,3,3,card
conv_61ba37b1a086,保留,OFFICE,1,保密条款及缺失附件有具体风险诊断,1,1,card
conv_16f5d4a35c7e,保留,BIZ,1,正文提供明确的可复用方法或修订约束,2,10,card
conv_ed0d158f38e3,保留,LEGAL,1,扩读给出费用、法律状态、票据与销账核对的可操作流程；不保留未经核实的授权日推算。,7,23,expanded
conv_ac19206253a9,保留,LEGAL,1,合同订单金额出现用户明确纠正,6,21,expanded
conv_342c46e71042,保留,LEGAL,1,正文提供明确的可复用方法或修订约束,1,10,expanded
conv_602668379442,保留,LEGAL,1,担保剥离后复核发现联动权利遗漏并补回对应条款。,2,15,card
conv_54cea560f23d,保留,BIZ,1,用户纠正总结发言代表身份,2,6,card
conv_2ff337f34ddc,保留,OFFICE,1,正文提供明确的可复用方法或修订约束,4,15,expanded
conv_becece127443,保留,OFFICE,1,扩读发现PPT修改中删除导致索引错位，改顺序和名称定位后验证。,6,45,expanded
conv_32462bbf9e28,排除,NEWS,0,新闻与学生组别事实查询，无任务方法,2,2,card
conv_0341af69e1b8,暂存,LEGAL,0,商标查询与截图解释相互冲突，尚未核准真实注册主体或正确恢复路径,3,13,card
conv_f7e2139afd98,暂存,LEGAL,0,委托书需求具体，但正文主要是通用模板与办理建议，无额外方法或修订经验。,1,3,card
conv_ce34559870b8,保留,OFFICE,1,旧月模板被误作当月内容，用户多轮纠正,4,22,card
conv_e48f8e93d4b8,排除,LEGAL,0,破产重整董事辞任一般法规问答，无具体执行目标,1,1,card
conv_6395ac98e982,暂存,OFFICE,0,文档通俗概述已交付，但只见内容摘要，缺可迁移处理步骤或反馈。,1,1,card
conv_2d8b571e6392,保留,LEGAL,1,同一物流合同赔偿倍数矛盾与免责风险,1,20,card
conv_334d1d9c5397,保留,OFFICE,1,正文提供明确的可复用方法或修订约束,1,6,expanded
conv_79790ad87ce5,保留,OFFICE,1,实际推文任务先拒绝缺资料，补充后锁定事实并校验，有内容边界。,3,10,card
conv_9e9b2c3bd66a,保留,LEGAL,1,通知遗漏导致专利失效的证据和补救分流,1,7,card
conv_fafb4f4f16ce,保留,LEGAL,1,正文提供明确的可复用方法或修订约束,1,6,card
conv_7abb2a35e889,保留,OFFICE,1,具体工业产品摄影方案按卖点映射必拍部位、用途与布光设置。,2,5,card
conv_2274302db0fc,暂存,UNCLEAR,0,线索移交仅模板，无真实线索输入,1,1,card
conv_4ed990e03c60,排除,DATA,0,明确Skill测试线索素材与干扰项，非真实客户学习轨迹,2,9,card
conv_c597d0b7cd1f,排除,BIZ,0,公司与行业资料查询比较，主要为事实和泛化评价，未见任务处理经验。,2,7,card
conv_398c9eb6bfa0,排除,KNOW,0,文件夹列举，不含任务经验,1,1,card
conv_e6be76f9ef11,暂存,BIZ,0,技能周报检查输入后暂停，缺基线及情报素材，无新执行方法,2,2,card
conv_6205973ae0f0,保留,LEGAL,2,多工具合同审阅后逐条对照原文、标注来源并输出两种排序的修订库。,7,55,expanded
conv_f03920966d3a,暂存,KNOW,0,目录访问目标存在，但路径未找到且无实际修复,1,1,card
conv_6b5a4c48a759,保留,BIZ,1,正文提供明确的可复用方法或修订约束,4,14,card
conv_568d6666fd4d,保留,OFFICE,1,用户要求实质重写，AI将按人罗列改为跨人员事务归并与行动优先级。,2,5,card
conv_b7492b0c52cb,保留,BIZ,1,估值研究有来源、规模与措辞反复核验,11,64,card
conv_1c9068de8dbb,排除,KNOW,0,只访问文件夹列出目录，无处理学习信息,1,2,card
conv_5257d244a423,保留,BIZ,2,扩读长会话发现ASR错误、组织口径修正与融资金额澄清，有真实用户多轮纠正。,30,125,expanded
conv_824301168628,保留,LEGAL,1,录用决策区分职业禁忌与一般异常,2,3,card
conv_c1a1217e30cf,排除,UNCLEAR,0,回执明确测试样本，非真实行业周报任务,1,10,card
conv_452be08f0c06,保留,LEGAL,1,扩读可见解析模板样式、复制结构、填新法规内容及逐页渲染过程。,1,19,expanded
conv_ed5fe145b4b8,排除,BIZ,0,明确全部虚构的周报测试样本,1,1,card
conv_490bd389dffc,暂存,BIZ,0,合作潜力研究报告摘要，未读到具体核查或修訂经验,1,5,card
conv_7f74f1470eac,排除,BIZ,0,联合办赛收费分利润的一般假设讨论，尚无具体赛事任务与已执行方法。,4,5,card
conv_be78f2b2475f,保留,LEGAL,1,员工份额转让因税务备案信息而改变分析,3,13,card
conv_4024be190b45,保留,OFFICE,1,正文提供明确的可复用方法或修订约束,5,28,expanded
conv_7f5a1845d742,保留,BIZ,1,展会分析正文出现评分公式行号与量纲错位并重算修正。,1,1,expanded
conv_e3ba4e591e36,暂存,LEGAL,0,股票质押法规咨询与来源追问，未見可靠执行或修订证据,6,5,card
conv_4cb425ee30e3,暂存,LIFE,0,手机价格事实预测及转Word，无业务方法,4,8,card
conv_5f2d94a73a6d,暂存,LEGAL,0,税务目标具体，但客户居民身份等关键前提未确认，现为一般框架分析。,1,3,card
conv_dbc77ee37469,保留,LEGAL,1,扩读未展示AI发现任务内具体诊断、纠正或处理条件,1,21,expanded
conv_7182a1210183,保留,EDU,1,正文提供明确的可复用方法或修订约束,1,6,expanded
conv_9b330b6fbf9f,保留,BIZ,1,读取文件后发现合同与会议转写任务不匹配，明确暂停并追问。,1,1,card
conv_bce9cfd14cfb,保留,EDU,1,研究人员称谓与照片均有核验边界,2,2,card
conv_47738bdeea0b,保留,BIZ,1,正文提供明确的可复用方法或修订约束,1,1,card
conv_c53070032f4c,保留,BIZ,1,招标正文按强制条件、评分及盖章时间形成检查边界。,1,1,card
conv_acd161b3af95,暂存,OFFICE,0,已有邮件流程的内容交付，环境问题未展示具体方法,1,1,card
conv_7bb080270114,暂存,HR,0,职级清单命名微调，未提供岗位评价方法,3,3,card
conv_e27d804e80f0,保留,BIZ,1,逐项比对具体需求与选配边界，区分需新认证、算法或接口的研发升级。,1,12,expanded
conv_0908308cfd4f,保留,LEGAL,1,基金延期回复明确不将知悉等同同意,3,7,card
conv_280e260d249b,暂存,BIZ,0,工程菌供应商研究与工艺建议，未实际测试或修订所提方法,5,14,card
conv_972104f90063,排除,LEGAL,0,国资程序法律咨询，主要为规则解释和拟用清单，没有实际决策任务过程。,1,2,card
conv_512bed807235,保留,LEGAL,1,股权转让的付款与过户次序存在具体风险,2,9,card
conv_bd36f8dbbbc5,保留,BIZ,1,正文提供明确的可复用方法或修订约束,19,86,card
conv_31fe5a08f6ee,保留,OFFICE,1,扩读企业介绍PPT制作发现杀进程模式误匹配自身shell并修复。,2,40,expanded
conv_1c2398f73029,暂存,BIZ,0,三方核对有旧版与跨项目问题，但素材真实性与方法证据需扩查,1,1,card
conv_cd6025af97b5,保留,LEGAL,1,正文提供明确的可复用方法或修订约束,8,8,card
conv_b375a499c0bf,排除,LEGAL,0,工会和社保的一般法律关系问答，未开展具体企业处理任务。,4,4,card
conv_c8f2ef80ef0d,暂存,BIZ,0,需求表处理目标明确，需扩查合并依据与真实输入范围,1,1,card
conv_03644b5f89cd,排除,EDU,0,教育平台主管机构事实问答,1,1,card
conv_cc52f7f19444,暂存,OFFICE,0,宣传文案需求明确，当前可见主要为背景事实查询，未见修订方法和成品尺度。,3,7,card
conv_0400aac342b0,暂存,OFFICE,0,宣传句内容润色，未见任务方法或具体修订反馈,1,1,card
conv_891fe04595b8,保留,BIZ,1,正文提供明确的可复用方法或修订约束,1,1,card
conv_ac00eb28fce5,保留,TECH,1,发布检查具体交叉核对用例状态、总数、通过数与退出标准。,1,6,expanded
conv_279b5eb3a290,保留,HR,1,业务赛道新增后候选人评价发生条件改变,3,11,card
conv_94bf306bbbff,保留,BIZ,1,正文提供明确的可复用方法或修订约束,1,1,card
conv_63a92ea9ec3c,保留,LEGAL,1,员工手册审阅识别公告和生效前提区别并指出具体条款风险。,2,6,card
conv_77e95f792ca5,保留,DATA,1,扩读未展示AI发现任务内具体诊断、纠正或处理条件,2,21,expanded
conv_03ba7e355b1a,保留,BIZ,1,正文提供明确的可复用方法或修订约束,1,1,card
conv_7869bf27d70b,排除,BIZ,0,正文明确自包含评估输入包含预期处理测试钩子，排除本次真实企业经验样本。,1,1,card
conv_2cbe4886ace2,排除,BIZ,0,施工条件测试样本，明确人为埋设测试边界,3,2,card
conv_a3014b47a923,保留,ASSIST,1,正文提供明确的可复用方法或修订约束,4,4,card
conv_458a877ca5fb,排除,BIZ,0,正文明确自包含输入包和五个测试钩子，为任务测试材料，排除本次真实经验筛选。,1,11,card
conv_0b0148a0ac67,保留,OFFICE,1,生成式改图破坏未要求区域并采用替代方法,1,166,card
conv_3ce805d56cb7,排除,ASSIST,0,仅查询当前模型,1,1,card
conv_806f49c1eb88,暂存,OFFICE,0,用户反复要图片，AI承认未生成且原图不匹配，最终仍追问，未有实际修复交付。,4,4,card
conv_85e569be9d66,保留,HR,1,推荐前需确认薪资与城市双条件,2,9,card
conv_6e5773a541e8,保留,LEGAL,1,正文提供明确的可复用方法或修订约束,1,1,card
conv_ce10104da0fa,排除,BIZ,0,输入和AI正文明确三阶段样本文档、预置钩子与预期结果，属于测试任务。,3,10,card
conv_4ef7c6bd0b7f,保留,LEGAL,1,对税务行业口径追问来源后明确证据不足,3,8,card
conv_3228c207eaef,排除,BIZ,0,两家德国工厂距离事实查询与指代更正,3,4,card
conv_8c0acf0215b8,保留,HR,1,具体简历判断区分医械泛经验与岗位必需的有源设备检验，并设置初筛条件。,3,11,card
conv_2aadae5164e6,暂存,BIZ,0,项目报告交付摘要，需扩查输入真实范围与计算方法,1,6,card
conv_d6a1190f249d,排除,BIZ,0,明确虚拟测试样本启动包，非企业真实执行轨迹,1,12,card
conv_6fbc715f4b2d,保留,COMM,1,扩读显示附件发送受白名单拦截，复制到允许目录再发并有服务器回执描述。,2,6,expanded
conv_ebeb45b88d28,排除,BIZ,0,明确虚拟排产与发货样本,1,1,card
conv_e1c02601c14a,保留,DATA,1,正文提供明确的可复用方法或修订约束,1,15,card
conv_2b5c66ef9795,保留,NEWS,2,扩读发现用户找不到图片因容器内部路径与成果路径混淆，已有复制修正。,4,25,expanded
conv_a12f08316927,暂存,NEWS,0,新闻配图及分享图定位，未见制作或修订方法,5,30,expanded
conv_eed394ac5c09,保留,LEGAL,1,正文提供明确的可复用方法或修订约束,4,11,card
conv_96469f69e0fa,暂存,EDU,0,合作价值问题具体，但为战略建议和待确认预算，未见落地步骤实施或修订经验。,1,1,card
conv_189e925c8811,排除,BIZ,0,含人为校验钩子的完整供应测试样本,1,1,card
conv_4ceaacdfd316,暂存,OFFICE,0,推荐信邮件简单英文拟稿，未发生执行修訂,1,2,card
conv_9a05b37ae6e2,保留,BIZ,1,实际采购检查有超量、重复、无依据三类判断，以及含税口径和缺运费边界。,1,1,expanded
conv_6ee81dae7445,暂存,EDU,0,培训合作框架目标和条件未完整，尚无明确过程,1,2,card
conv_d23bc6d66dd2,保留,BIZ,1,正文提供明确的可复用方法或修订约束,4,4,card
conv_8685cb6739a8,保留,BIZ,1,正文在风险灯、延期天数存在但原因字段缺失时拒绝补造，并列出具体补数据要求。,2,5,card
conv_88a7fc20ecb8,暂存,HR,0,职级概念分析，缺本企业锚点与实际定级过程,3,7,card
conv_4a4208b3f83f,保留,BIZ,1,正文提供明确的可复用方法或修订约束,1,1,card
conv_81cbeb7e8662,保留,BIZ,1,具体会前研判区分有供应链因果链的红灯和无关键缺料的技术风险。,2,9,card
conv_efab8f8a2afe,保留,EDU,1,项目介绍纠正职称与涉密名称表示,2,15,card
conv_c69533844fd2,保留,BIZ,1,正文提供明确的可复用方法或修订约束,2,16,card
conv_3ccdb2ea652d,暂存,BIZ,0,企业核查仅公共摘要且有地址矛盾、缺权威实时数据，未见解决后的经验。,1,7,card
conv_0fe0d1df3dce,保留,KNOW,1,扩读未展示AI发现任务内具体诊断、纠正或处理条件,8,37,expanded
conv_72306f4646bc,暂存,NEWS,0,日报与科技配图交付，未见方法修訂,3,10,card
conv_a209de7a1934,暂存,BIZ,0,讨论平台愿景和整理内部表述，主要是策略意见，未形成可复用执行方法。,3,3,card
conv_a8ac4e40664d,排除,HR,0,明确示例科技虚构的HR制度测试素材,1,8,card
conv_d3c4e38f75a9,排除,KNOW,0,知识图谱节点关联内容查询,1,1,card
conv_3392d4358cd7,保留,HR,1,文件去重实际比较双位置内容与MD5，并区分会话归档和共享发布。,2,2,card
conv_3c4095da6674,暂存,OFFICE,0,会议任务表产出，输入真实范围与具体证据需扩查,1,6,card
conv_2c4b21fc7f5c,保留,EDU,1,正文提供明确的可复用方法或修订约束,1,11,card
conv_fe3bd84392e1,保留,EDU,1,视觉配额不足时用图像属性检测背景和尺寸，有可复用降级验收方法。,1,7,expanded
conv_8236dc8d0f34,保留,OFFICE,1,扩读未展示AI发现任务内具体诊断、纠正或处理条件,1,42,expanded
conv_a26647fbd170,保留,OFFICE,1,正文提供明确的可复用方法或修订约束,2,21,expanded
conv_9af718324272,排除,NEWS,0,热点新闻查询，正文为事实性内容，没有企业任务或新的处理经验。,1,3,card
conv_e62526e330bb,保留,NEWS,1,扩读未展示AI发现任务内具体诊断、纠正或处理条件,4,44,expanded
conv_4f9408d2cd63,排除,LEGAL,0,婚前财产与彩礼一般法律保护咨询，未落实个案处理,2,2,card
conv_1344d32a1970,保留,LEGAL,1,付款安排从分期改一次性后联动定义、先决条件和附件，避免正文局部改动。,5,47,card
conv_8e2e43b43eb2,保留,EDU,1,问卷目标细化为企业内部痛点及实际导入格式,9,24,card
conv_849a4af1be2e,保留,LEGAL,1,正文提供明确的可复用方法或修订约束,1,32,card
conv_f94b7d92bac0,暂存,OFFICE,0,图片新增人物已交付，但主要为生成描述和位置清单，无新处理或修订方法。,1,4,card
conv_bfc446b95374,暂存,OFFICE,0,实名问卷及模拟测试声明，需扩查记录机制与执行证据,1,8,card
conv_5f075465256c,保留,LEGAL,1,正文提供明确的可复用方法或修订约束,3,3,card
conv_2cd68de4c686,保留,LEGAL,1,具体NDA审阅发现仅标记信息覆盖不足与缺返还销毁义务。,1,1,card
conv_65081b0339d6,保留,LEGAL,1,三份回购文件有默认续做与流动性分支,2,12,card
conv_622d3811c315,保留,LEGAL,1,正文提供明确的可复用方法或修订约束,2,5,expanded
conv_b8e9e6e38770,保留,DATA,1,扫描财务三表OCR跨列粘连后重建结构并逐格核关键数字，再做跨表勾稽。,1,20,card
conv_8d9cdb4ec6a3,排除,NEWS,0,新闻与模型能力信息查询，无任务方法,3,18,expanded
conv_da63a6b7ae0b,暂存,BIZ,0,会前邀约文字与机构介绍，未验证是否确为上会前最终程序,1,4,card
conv_9b0bf37e6849,保留,EDU,1,扩读论文排版发现引号异常由容器字体回退导致，通过字体替换对照辨因。,4,20,expanded
conv_e410ae458ee3,保留,HR,1,质检岗位以现场技术确认核实简历能力,2,15,card
conv_6f012bcbe542,排除,TECH,0,Mac截图快捷键查询,1,1,card
conv_6b6e094ce548,排除,NEWS,0,政治新闻原因查询，没有具体企业工作流程或可学习任务经验。,1,1,card
conv_62fa8c2274fe,排除,LIFE,0,泛泛礼物推荐，无明确执行或修订过程,1,1,card
conv_891e0ea26e8d,暂存,EDU,0,教学互动网页常规设计交付，自检通过无具体问题修复,1,7,card
conv_2d12a63ea24f,暂存,COMM,0,只有授权码获取和待配置指引，未见配置后验证或执行修正。,1,6,card
conv_6bbfd6c2fbe3,暂存,LEGAL,0,投资承诺函常规起草与格式说明，未见关键诊断,1,3,card
conv_70bcd084140b,保留,OFFICE,1,正文提供明确的可复用方法或修订约束,4,29,card
conv_3dd33d9ff1ac,暂存,EDU,0,课题申报产物目标清楚，但为一次通用方案写作，未见既有课堂案例上的具体修订方法。,1,1,card
conv_c3b2b4885f8a,暂存,EDU,0,研究方案生成目标明确，未见真实实施或修订经验,1,3,card
conv_e2f318f3b6fb,暂存,BIZ,0,软件公司公开介绍与财务摘要，未见具体核查方法,2,12,card
conv_3c675452bafd,排除,ASSIST,0,称呼偏好设置，不是可复用任务轨迹。,1,1,card
conv_78bc97377b59,排除,ASSIST,0,用户身份询问，无任务目标,1,1,card
conv_2670b00882a9,保留,KNOW,1,正文提供明确的可复用方法或修订约束,2,5,card
conv_f73f079b717c,暂存,KNOW,0,跨工具个人画像任务明确，但长期记忆为空，主要是缺信息清单，无可迁移新方法。,1,1,card
conv_6414805c6fa7,保留,BIZ,1,预算跨表与租赁时间的多轮纠正,9,84,card
conv_dcc82bb0ac51,保留,NEWS,1,正文提供明确的可复用方法或修订约束,4,14,expanded
conv_111e30a393ca,保留,OFFICE,1,扩读识别OCR误报、NCC方法失效、擦除与alpha故障，局部重绘后核文本和重建PPT。,6,89,expanded
conv_4aa44049ecdb,暂存,EDU,0,人员背景口碑信息查询，未见可迁移执行方法,3,8,card
conv_3318a37a783c,暂存,LIFE,0,玩偶背带方案针对不穿孔约束，但仅建议未实际验证,3,3,card
conv_ca7f9a3dbef3,保留,OFFICE,1,出图编辑导致母版降采样的诊断有可复用价值,11,11,card
conv_924a5bb1f831,暂存,LEGAL,0,官网受限后查询完成声明，需扩查具体替代路径与证据,1,1,card
conv_6cccc27c6040,保留,ASSIST,1,正文提供明确的可复用方法或修订约束,4,13,expanded
conv_a53e75e3ce15,保留,TECH,1,任务交付包含具体性能约束和构建步骤,1,11,expanded
conv_407defafacbb,保留,BIZ,1,甄别AI摘要误标创始人,2,13,card
conv_322d1e6346d3,保留,LIFE,1,正文提供明确的可复用方法或修订约束,14,23,expanded
conv_29609478ce7c,保留,BIZ,1,用户将笼统专利数字修订为台账口径,6,64,card
conv_067433fd2015,排除,EDU,0,阅读教案内容，无执行或修订目标,1,1,card
conv_c86b3a8429e4,保留,EDU,1,正文提供明确的可复用方法或修订约束,2,17,expanded
conv_037dda45be43,暂存,EDU,0,共享工作区不可见，只有等待资料的处理计划,1,1,card
conv_ead311b7be20,保留,EDU,1,视频摘要经过元数据、时间戳与转写验证,5,42,card
conv_8775cedfb0af,暂存,NEWS,0,新闻图片PPT交付，仅尺寸格式检查，未确认文字视觉质量,2,10,card
conv_f7228441fff3,保留,OFFICE,1,用户明确反馈超时和措辞复杂，可沉淀口播约束,8,26,expanded
conv_33de710017e4,保留,EDU,1,低质量图像OCR失败且文件身份不确定,1,1,card
conv_cb9b9338ddf4,暂存,OFFICE,0,日文图片OCR翻译止于提取与核对，未见最终翻译或排障,1,5,card
conv_04d4f8d415e0,保留,TECH,1,实际语音缺失和单轮停止有明确诊断,14,46,card
conv_0a3672480ff7,保留,BIZ,1,企业官网资质自述与正式认定区分,4,17,card
conv_a8d3ad85a09e,保留,LEGAL,1,正文提供明确的可复用方法或修订约束,2,11,expanded
conv_03c85694b87e,保留,OFFICE,1,用户对船型比例多次纠正，需保留视图约束,4,16,expanded
conv_c73551a790c0,保留,BIZ,1,复用写作指令实测后被用户否定深度与配图,5,33,card
conv_fb9c30fa9f46,保留,EDU,1,正文提供明确的可复用方法或修订约束,5,20,card
conv_6a30a04c00a2,暂存,OFFICE,0,原文正文抓不到，提示词主要基于通行范式推断,1,4,card
conv_b3580ae8a753,保留,OFFICE,1,技术图从实物摆拍纠正为结构对照,5,5,card
conv_50a246b3f0e3,保留,LEGAL,1,正文提供明确的可复用方法或修订约束,3,3,card
conv_f7ae916abc7a,保留,LEGAL,1,区分非全日制劳动与劳务关系的任务内条件,1,4,card
conv_5ca3f6271b31,保留,DATA,1,项目资金按阶段与约束测算,1,4,card
conv_8009fe3233b2,排除,NEWS,0,今日新闻事实汇总，无具体任务学习,1,1,card
conv_19d90530d45a,保留,BIZ,1,投资汇报改写需区分行业背景和投资判断,30,89,expanded
conv_cec9b66e0a45,保留,LEGAL,1,离职证明缺失案中区分承诺与法定义务,1,7,card
conv_2a3f403f7fa3,保留,LEGAL,1,正文提供明确的可复用方法或修订约束,10,33,expanded
conv_8ea470804bed,保留,OFFICE,1,用户明确要求二次会面避免重复介绍,2,6,expanded
conv_8cf38825ed7f,保留,LEGAL,1,事业单位接收小程序使默认验证路线失效,2,2,card
conv_c66817e26410,保留,BIZ,1,正文提供明确的可复用方法或修订约束,27,73,expanded
conv_59b38f4a538c,保留,LEGAL,1,模板分析提供具体可复用封装步骤,1,29,card
conv_9ce276e66b3e,保留,BIZ,1,用户纠正专利资产所属主体及投资前后口径,6,23,expanded
conv_d1f719a47afb,保留,OFFICE,1,正文提供明确的可复用方法或修订约束,2,2,card
conv_618342b677cf,保留,OFFICE,1,文档图片API错误在未展示AI中有实质修复,3,58,expanded
conv_dca388ba673f,暂存,ASSIST,0,项目安装教程与名称待确认，未见执行诊断,1,1,card
conv_ea0ccf4fff58,排除,OFFICE,0,短语英文翻译问答,1,1,card
conv_fa4a166df896,排除,OFFICE,0,短语直译，没有具体可复用任务过程,1,1,card
conv_225bd23012eb,保留,ASSIST,1,用户找ID进入错误设置层级,6,6,card
conv_961f12d62317,保留,OFFICE,1,正文提供明确的可复用方法或修订约束,7,30,expanded
conv_6cdcdffc91e8,暂存,HR,0,主要是JD内容交付和导出声明，缺方法证据,2,8,card
conv_9333da28ade3,排除,EDU,0,教师人数事实查询，无任务方法,1,3,card
conv_c86a4d3195b3,保留,OFFICE,1,正文提供明确的可复用方法或修订约束,12,96,expanded
conv_40f57f44f612,保留,OFFICE,1,批量块创建与表格错位有明确排障,2,18,expanded
conv_feb705f39f56,保留,LEGAL,1,无修订模式的回传文件需恢复真实差异,4,11,card
conv_26369e950fd0,保留,LEGAL,1,正文提供明确的可复用方法或修订约束,5,10,card
conv_420fd0fd1158,保留,OFFICE,1,字体覆盖和版式修复有原始诊断证据,2,41,expanded
conv_1d728d0e9634,保留,LEGAL,1,监测服务合同迟延和解除缺口明确,1,8,card
conv_d98e3820c5c0,保留,OFFICE,1,正文提供明确的可复用方法或修订约束,5,15,expanded
conv_f586a09e7356,保留,LEGAL,1,供应商议价约束与再次修订明确,4,33,card
conv_c72721b62d56,保留,HR,1,成熟法务履历与团队管理硬条件分开,3,12,card
conv_0862474221d5,保留,ASSIST,1,正文提供明确的可复用方法或修订约束,1,14,expanded
conv_a96d4e307332,保留,HR,1,用户个人报告要求引发隐含横比清理,11,32,expanded
conv_23d922cfbb5d,保留,OFFICE,1,用户纠正无文字提示词与丑陋后加字,7,38,expanded
conv_457fafd7baf1,保留,EDU,1,正文提供明确的可复用方法或修订约束,2,12,card
conv_f6c22813efab,保留,OFFICE,1,生图多轮修复引发全局文字漂移有诊断,3,66,expanded
conv_af0afe491f7a,保留,EDU,1,说明文书被要求按已知事实与不同责任人修訂,5,10,card
conv_d789f17826d1,保留,OFFICE,1,正文提供明确的可复用方法或修订约束,1,26,expanded
conv_53da91aa300a,暂存,LEGAL,0,开户牌照主要是一般流程知识，未有实际办理修订,4,4,card
conv_cb6138865136,保留,OFFICE,1,会议转写实体纠错并有不同人群脱敏规则,3,12,card
conv_35cc9bcdb344,保留,BIZ,1,正文提供明确的可复用方法或修订约束,1,14,expanded
conv_23a20aafef51,保留,EDU,1,将自行设定返投比例误当事实后已纠正,14,91,card
conv_aaccffcc29ce,保留,OFFICE,1,图片PDF转可编辑PPT遇版面文字顺序混乱,2,2,card
conv_3f93a3d4407b,排除,LIFE,0,普通健康饮食咨询，未有具体任务处理或修订方法,1,1,card
conv_1632fc0fb366,暂存,OFFICE,0,正式措辞改写为主，缺足够迁移方法,1,1,expanded
conv_263f0677a357,暂存,OFFICE,0,产品PPT重构的交付总结，未见比上一个案例新增的过程经验,1,1,card
conv_7b4456e53d70,暂存,COMM,0,有周期提醒目标但缺结束日期与设置确认，未形成执行经验,1,1,card
conv_6a128d61a692,保留,OFFICE,1,用户纠正口播对象和颁奖场景,5,9,card
conv_f61a26276c5e,保留,OFFICE,1,扫描裁决与文本说明采用不同读取与引文策略,1,1,card
conv_baa701b59f0a,保留,OFFICE,1,正文提供明确的可复用方法或修订约束,1,1,expanded
conv_a8887dff45c9,保留,LEGAL,1,函件任务内识别不当因果归责并提出替代表述,1,9,expanded
conv_b586102b6372,保留,OFFICE,1,扩读未展示AI发现任务内具体诊断、纠正或处理条件,1,26,expanded
conv_aad48418bf73,保留,LEGAL,1,正文提供明确的可复用方法或修订约束,2,28,expanded
conv_8b2134082a31,排除,NEWS,0,热点事实汇总，无任务方法或修订,1,2,card
conv_cf795067f125,保留,BIZ,1,履历项目关联有核查与未证实项,5,16,card
conv_5138176e8aae,暂存,EDU,0,活菌创新药规划和预算是拟议方案，未见实施排障或验收经验,3,5,card
conv_e55b2eb55e5b,保留,LEGAL,1,多任务中含尽调报告口径比较与事实风险建议约束,13,45,expanded
conv_545a2e5f5bbf,暂存,OFFICE,0,人物简介生成，人员身份未经用户确认,1,4,card
conv_e82e26f84d4c,排除,BIZ,0,企业关联主体事实检索，没有独立处理任务,1,4,card
conv_ef9f47425b00,保留,OFFICE,1,活动图提供前端叠层留白约束和跨端一致性,4,20,card
conv_75d05fa37605,保留,LEGAL,1,说明文件被多次纠正结构和责任推断,7,20,card
conv_770fbe87a9e9,排除,LEGAL,0,法定代表人与董事长的一般法律查询，未落到具体章程与事务,1,2,card
conv_7b2ff7973887,排除,NEWS,0,新闻与配图请求缺任务方法，重复新闻不纳入,2,7,card
conv_101152d551df,暂存,EDU,0,课程目标与对象纠正，但未见任务方法或实施过程,3,5,card
conv_1f231384d8c5,排除,PLATFORM,0,全为平台多智能体角色模板与监控提示，不是企业用户实际办事轨迹,22,22,card
conv_0df07debbfc9,暂存,LEGAL,0,法规问答和一般代履职流程，未见实际修订,2,5,card
conv_c121589a4853,保留,OFFICE,1,未确认就成稿及旧风格污染新方案,5,22,expanded
conv_9911fe5be25a,排除,PLATFORM,0,明确多智能体模拟头脑风暴，非用户任务执行,20,20,card
conv_965cf7b2c858,保留,OFFICE,1,整套图片PPT色差有量化诊断与修复,7,27,card
conv_2f4c1f78f51d,保留,OFFICE,1,公司宣传文案按真实业务范围收敛,1,1,card
conv_f8fbad6b2b4c,排除,EDU,0,科研项目负责人变更的一般规则查询，未执行具体变更,1,2,card
conv_f22c3a85ffbb,保留,HR,1,JD检索词有明确误召回原因和组合策略,2,6,card
conv_492855b149be,保留,LEGAL,1,标签OCR与备案角色被用户校正,10,23,card
conv_2f8395c374a9,排除,BIZ,0,政府领导身份信息检索,1,3,card
conv_802ad1a70b06,保留,LEGAL,1,真实借款情境存在账户户名与主体混淆诊断,2,6,card
conv_842792a28ee8,保留,HR,1,岗位术语与真实业务及薪酬错配诊断,1,1,card
conv_cfddda1a07c5,排除,LIFE,0,个人医美健康咨询，未有企业任务学习过程,5,7,card
conv_e9d33b4c9671,排除,LIFE,0,个人医美产品咨询，无可迁移任务过程,1,1,card
conv_24f6efb2a9ba,保留,LEGAL,1,赔偿触发条件同时满足与任一满足的语义区别,6,6,card
conv_ec36f69187ef,排除,NEWS,0,新闻事件事实汇总,1,3,card
conv_2007f7ec09fb,保留,BIZ,1,企业经营沟通有实际反馈与措辞修订,51,74,expanded
conv_142034e9c692,暂存,BIZ,0,交易事实调研与简报内容，未见实际方法或修订,2,8,card
conv_7c038820b32f,暂存,TECH,0,有完整赛车原型需求与交付，但扩读只见通用澄清和完成自述，没有具体执行纠正经验,7,9,card
conv_e6c931407960,暂存,LIFE,0,广告驾照说法核查为主，缺执行任务经验,1,3,card
conv_0066cb5f2347,保留,OFFICE,1,特定实体误解与多角色一致性迭代,10,26,card
conv_60fd9245d56a,保留,EDU,1,正文提供明确的可复用方法或修订约束,2,19,expanded
conv_a75d251be71d,排除,BIZ,0,协会档次和负责人事实问答,2,6,card
conv_4c5077f34395,保留,OFFICE,1,人脸漂移后改用原生抠图合成,1,8,card
conv_b18cc0aa269f,保留,BIZ,1,正文提供明确的可复用方法或修订约束,2,6,card
conv_23cad87cab61,保留,LEGAL,1,扫描件翻译包含金额比例和主体核对,2,2,card
conv_9bd89c462ef4,保留,LIFE,1,旅游计划主次约束与地标图像被纠正,13,41,expanded
conv_ae3a1cb9b65f,保留,EDU,1,正文提供明确的可复用方法或修订约束,4,18,expanded
conv_129e16e6d449,保留,EDU,1,报告到受众PPT重构含具体决策路径与参考图特征,11,187,card
conv_645d720d5986,保留,KNOW,1,高密度中文信息图生成失败并切换工具,2,17,card
conv_d8b5b08a7226,排除,LEGAL,0,企业上市流程和成功案例的一般事实咨询，未有具体材料处理,4,4,card
conv_96e0447519de,保留,EDU,1,用户指出同学心得相似并要求个人化改写,5,13,card
conv_c9683c89dd69,排除,BIZ,0,采购平台分类定义查询，无实际询价过程,1,1,card
conv_d028e3823c37,暂存,BIZ,0,公司拼写已纠正但主体与业务模式仍未锁定，不能把无法查到当欺诈结论,3,6,card
conv_cb1a14b48745,保留,EDU,1,论文编号错乱有清空格造成解析失败的根因,44,184,expanded
conv_d89a1fa72fc7,排除,PLATFORM,0,平台角色注入和限流返回，无真实任务,1,1,card
conv_e8ac435ceb94,排除,PLATFORM,0,用户输入为多智能体角色模板与状态监控，不纳入实际工作轨迹,22,22,card
conv_b864a42b22de,排除,PLATFORM,0,平台多智能体角色模拟模板，不是实际任务轨迹,2,1,card
conv_2a18a3d5990b,排除,PLATFORM,0,平台多智能体模拟辩论角色流,34,34,expanded
conv_34ac7cf74900,保留,LEGAL,1,正文提供明确的可复用方法或修订约束,1,1,card
conv_df43a7947117,保留,BIZ,1,合作可靠性按场景与能力匹配拆解,2,2,card
conv_ac6c02f3aca2,暂存,LEGAL,0,劳动答辩有事实时间线，需扩查证据组织与风险方法,2,10,card
conv_230d8ea9a582,暂存,OFFICE,0,给同学经济问题拟回复，有成品但未见实际反馈或特别的处理经验,1,1,card
conv_908bedb54ca2,保留,EDU,1,FTO任务区分申请状态和权利要求范围,2,11,card
conv_a35504560c30,排除,PLATFORM,0,仅平台多智能体模拟辩论角色流,13,15,expanded
conv_d97309631ff8,排除,LIFE,0,家人体温与咳嗽普通健康咨询，未形成可核验的企业任务方法,4,4,card
conv_7792f7618c43,排除,UNCLEAR,0,只有问候，无任务,1,1,card
conv_8f4a217f3e6e,保留,LEGAL,1,签署页扫描与空位数量存在不一致,1,23,card
conv_b856a2e1d7d8,保留,EDU,1,正文提供明确的可复用方法或修订约束,2,13,card
conv_b52657b688df,保留,HR,1,推荐依据含预算条件分支与履历验证,3,11,card
conv_428105be4386,保留,LEGAL,1,已有我方批注续审并识别新合同不适用内容,2,11,card
conv_9b78a49bd169,保留,DATA,1,正文提供明确的可复用方法或修订约束,1,12,expanded
conv_38cf4e290f26,保留,LEGAL,1,原始问题股权前提与材料股权有矛盾需先核对,10,33,card
conv_acf82df2f685,保留,DATA,1,源表未变但文内统计和图表失同步,10,67,expanded
conv_0f4134832d8a,保留,HR,1,正文提供明确的可复用方法或修订约束,3,9,expanded
conv_81cdb6776858,保留,BIZ,1,用户纠正工程菌与天然菌混淆,11,32,expanded
conv_1418c5e1d2f2,保留,BIZ,1,扩读未展示AI发现任务内具体诊断、纠正或处理条件,28,50,expanded
conv_104632b01333,保留,HR,1,正文提供明确的可复用方法或修订约束,2,2,card
conv_7e86df5149fc,保留,OFFICE,1,不同源PPT格式采用结构整合而非纯重写,2,2,card
conv_3773c80d4c15,保留,BIZ,1,集团与子公司人物混淆并照片未确证,4,4,card
conv_b4bfa1b742fd,保留,HR,1,正文提供明确的可复用方法或修订约束,1,5,expanded
conv_27c27c1a32d5,保留,OFFICE,1,身份证比例失真反馈有具体纠正,2,10,card
conv_80be4b9a6b15,保留,LEGAL,1,尽调事实连续补充并影响资金性质判断,6,17,card
conv_508d1907b033,保留,LEGAL,1,审查识别了不同条款的争议解决机制冲突，并区分不同角色的修订重点,1,7,card
conv_8baf9d893d49,保留,LEGAL,1,实际合同审阅发现争议条款相互冲突,1,3,expanded
conv_93eb149ca6e5,保留,OFFICE,1,公众号长度和可定位信息被多轮修订,3,8,card
conv_a03dea31c0df,排除,EDU,0,单次临床术语解释，未见实际处理或修订经验,1,1,card
conv_bc2d018c5453,排除,NEWS,0,新闻事实汇总，图片未上传仅准备声明,2,2,card
conv_d640957a9820,保留,BIZ,1,会议实体纠错并用协议映射沟通问题,15,34,card
conv_66a8dc558785,保留,HR,1,扩读召回招聘片段：简历泛称遗传改造不等于岗位要求的特定底盘敲入敲除经验,15,15,expanded_root
conv_577b961f80e1,保留,LEGAL,1,软件版权函应对有任务内核查与证据边界,2,9,expanded
conv_e5aae71aa4d6,保留,BIZ,1,验收安排有遗留责任与付款顺序设计,1,5,card
conv_d85b915effeb,保留,HR,1,用户补充关键行业经验后要求重评，且单人报告必须清除其他候选比较文字,6,17,card
conv_a9555e31ad2d,保留,LEGAL,1,双方企业规模与角色反馈改变谈判路线,3,7,card
conv_6c6b8f142a57,暂存,LEGAL,0,一般清算程序指引，没有具体主体执行或修订,1,1,card
conv_70726a26e739,保留,LEGAL,1,技术负责人审查将第三方认可、结算触发和交付风险关联,1,3,card
conv_1accb9ac9604,暂存,BIZ,0,当地线上查档流程建议，尚未形成实际办理经验,1,1,card
conv_5e827f73061e,保留,HR,1,简历缺职责与成果时明确不补造,4,11,card
conv_6128c35ae33c,保留,BIZ,1,扩读发现柱状图通过文件校验却未显示，实际提出渲染裁剪对账和替代绘制修订,23,64,expanded_root
conv_24e59c8da83e,暂存,COMM,0,短邮件语气润色为主，缺足够迁移方法,2,2,card
conv_bfae3d1116da,保留,BIZ,1,多文件对外定位与技术分类被持续纠正,46,108,expanded
conv_db5275779f09,保留,BIZ,1,扩读找到课程授权前提被用户纠正及客户触达分账规则细化，模拟闲聊移出,25,46,expanded_root
conv_dcd336e008eb,保留,BIZ,1,工商日期与媒体日期及荣誉归属冲突有处理,1,7,card
conv_bdd382a20e7e,暂存,BIZ,0,FDE培训商业方案属于通用建议，未见真实使用修订,2,2,card
conv_1702b763a7ee,保留,DATA,1,扩读确认资本金拆分缺少注册资本变量，不能仅凭投资金额和比例填出结果,2,4,expanded_root
conv_5df4e40db2ac,暂存,BIZ,0,企业名称检索为主，无明确后续可迁移过程,3,9,card
conv_5e5edf7bdf2a,保留,OFFICE,1,分段录音按议题整合并多轮修正实体,6,18,card
conv_1a03efb7d475,排除,NEWS,0,历史背景与新闻词义问答，没有明确执行或修订方法,6,6,card
conv_5bff0ded32bc,保留,COMM,1,企业微信连接失败转命令行授权有具体路径,7,7,card
conv_96e941b921d4,暂存,BIZ,0,股东名册缺对应身份及工商明细，当前仅模板和补数据请求,1,14,expanded
conv_c32903955c2b,保留,LEGAL,1,用户明确单独审查文件的范围，随后按旧投诉函结构产生新事件文件,4,13,card
conv_f4efc3b555dc,保留,LEGAL,1,股权投资合同需区分文字与交易风险优先级,1,4,card
conv_cd842db578bb,暂存,NEWS,0,新闻与生图请求未见实际交付方法,4,8,card
conv_bf4371170343,保留,BIZ,1,资助类别决定填写范围，AI明确区分已有事实与仍待确认的编号人数,2,9,card
conv_207fc3b8f038,保留,HR,1,面试推荐包含底盘迁移与可培养时间分支,2,9,expanded
conv_578d7210cf5c,保留,COMM,1,姓名指派被接口拒绝并给出正确ID路径,2,7,card
conv_42d00de6119b,保留,BIZ,1,渠道折扣双条件、产品版本口径和后续销售身份调整形成实际修订约束,7,10,card
conv_73482e375ce3,保留,EDU,1,原始数据缺失与原因未知要求证据分级,4,22,card
conv_0581d60474f4,保留,HR,1,资历薪资倒挂须验证求职动机,2,9,card
conv_b57f25e98e16,暂存,BIZ,0,扩读全AI仅有接口风险错误、初步线索和继续查询计划，尚无主体核查方法或结论证据,3,3,expanded_root
conv_4a6c07710498,保留,LEGAL,1,用户纠正核名费重复、开户时间和架构口径,14,30,card
conv_34843d227bc0,暂存,BIZ,0,介绍企业目标存在但无具体主体资料,1,1,card
conv_12ac99dd2fa7,暂存,BIZ,0,社区命名和方案需求具体，但主要为主观建议与待建方案，未核出足够具体处理或修订方法,6,14,card
conv_d4acf7a05f6c,保留,EDU,1,用户主动收回证据不足的金额时间分级,1,9,card
conv_4b79f3a7eed1,保留,OFFICE,1,用户拒绝代码重排，转参考图生成并保护内容,2,6,card
conv_a3372150c827,保留,LEGAL,1,多轮明确修改交割前提、文本陈述与合同间披露边界，早期版本不能当最终要求,19,35,card
conv_6478b612e4a5,保留,OFFICE,1,图片版式修订有测量与像素完整性约束,4,19,card
conv_712bf7f9bb82,保留,OFFICE,1,密集框架标注生成乱码后切换原图拼接,3,6,card
conv_c0f717af53db,保留,BIZ,1,供应商比较必须尊重质粒条件，且活菌量、稳定性和功能证据不能混算,3,12,card
conv_e234f0e0fcf7,保留,EDU,1,赛道改动关联正文和附录一致性,1,3,card
conv_fc3a1077aad5,保留,BIZ,1,原生背景复用与去除未确认融资信息,3,3,card
conv_d63850a7e569,保留,TECH,1,请求错误排查区分DNS、目标连接与对照请求，不立即归因于客户端,1,2,card
conv_f8a56f4505e3,保留,HR,1,岗位隐含要求提炼为具体筛选与验问,3,8,card
conv_d47248e6b734,暂存,EDU,0,培训方案与GEO解释内容调研，未见实施经验,3,12,expanded
conv_3373780ca687,暂存,OFFICE,0,有图片表单填写需求及交付文本，但主要为产品介绍和字数声明，图中范围与填写依据仍不足,1,4,card
conv_00416a23f1c6,保留,BIZ,1,200字项目表分问法和字数口径明确,1,2,card
conv_d7e9adec36b1,排除,UNCLEAR,0,问候与已有能力介绍，无具体任务,1,1,card
conv_ecce61dca057,排除,PLATFORM,0,正文明确为多智能体模拟辩论及角色输出，不是可学习的真实业务执行经历,13,13,card
conv_7ba5c3b70950,排除,OFFICE,0,数字分身角色模拟含虚构进度，不作真实经验,10,19,expanded
conv_358b89401aa7,保留,EDU,1,排名规则与现场评价反馈持续约束打分,12,43,expanded
conv_ac48282044f1,暂存,OFFICE,0,扩读仅有谜题规则、答案坐标及标注完成声明，缺解题步骤和原图，不能直接当验证过的解法,1,1,expanded_root
conv_d2c84054d91a,保留,EDU,1,科研表格实际数据和合并单元格反馈有修复,10,53,expanded
conv_746b08119c13,排除,PLATFORM,0,数字分身平台模板流，非原始任务轨迹,6,6,card
conv_db19d985b892,保留,BIZ,1,投资提问把申报指标与目标客户门槛逐项对照，而不止输出泛问题清单,1,1,card
conv_fbed0e8da465,保留,LEGAL,1,评分文件与现场口径存在冲突需人工确认,3,13,card
conv_9f67bf8019c8,暂存,EDU,0,学术项目标题内容创作，未見可迁移过程,1,4,card
conv_1e64618d1f98,保留,BIZ,1,目录查询区分地方新增、引用的全国目录和另行监管条件，避免只查当前表,3,13,card
conv_e17789e7b661,保留,BIZ,1,原料定价按菌株类型活性和预算比较,2,10,card
conv_d888846b9507,保留,KNOW,1,知识库清理区分可再生与验收资产,1,16,card
conv_011570125174,保留,LEGAL,1,两厂区沿用旧供应商的真实条件使排他条款需连同处罚条款修订,4,7,card
conv_8534359166ed,保留,OFFICE,1,无图生视频接口时采用实际动效替代并验证运动,2,20,expanded
conv_64e3c6d8bcb3,保留,DATA,1,预算年序与设备归类被用户纠正,2,5,card
conv_88ba9a7ae1cf,保留,LEGAL,1,外部五条意见逐项对应位置，同时识别合同缺章及内部对外稿用途差异,1,5,card
conv_08abf2306e29,暂存,NEWS,0,新闻配图内容交付为主，叠字仅备选未应用,2,6,card
conv_6e3989c7b1d4,暂存,NEWS,0,新闻配图目标待确认，尚未见执行经验,2,4,card
conv_f832299bfc09,保留,BIZ,1,扩读真实可编辑化过程发现图片PPT、文本溢出和密集页面分页，保留用户接受但不外推验证,12,65,expanded_root
conv_7e58ed8b6d98,保留,LIFE,1,用户反馈行程强度大并排除已去地点,4,15,expanded
conv_84a9a48adff2,暂存,LIFE,0,购机目标明确，但当前主要为机型和价格建议，未见可独立抽取的比较核验方法,3,9,card
conv_80ad3cd8347e,保留,OFFICE,1,多轮反馈明确了受保护内容及之后放开整图重设计的不同作用范围,13,44,card
conv_57c3d07d05d9,保留,KNOW,1,清理知识库时明确区分可再生产物与仍需保留的渲染素材，并按依赖分级,1,11,card
conv_c1ff27acc817,暂存,BIZ,0,产业研究需求明确，现有摘录主要为市场事实与交付总结，方法证据需进一步核清,2,2,card
conv_5c832aa54583,排除,BIZ,0,人物履历查询以事实档案为主，卡片未见可抽取的新处理或修订经验,1,8,card
conv_1709ad6d3256,排除,NEWS,0,当日新闻整理和文档交付以事实摘要为主，未见特定处理或修订经验,1,1,card
conv_ea7acfe1b937,保留,LEGAL,1,协议文件名立场与用户实际立场冲突，正文按实际披露方重定审查方向,1,1,card
conv_c23da33bb24a,保留,LEGAL,1,持股份额争议处理显式区分协议约定、平台人员变化和当地系统确认前提,4,11,card
conv_3cb39bbfe904,保留,BIZ,1,机构简称导致人物错配，用户纠正后实际重新定位了查询对象,6,6,expanded_root
conv_16a8192f4cb6,保留,BIZ,1,不同版本尽调审查保留了已补占位与仍存在的表文数值矛盾,2,5,card
conv_dc423b17107e,暂存,COMM,0,转发文案任务明确，当前只有草拟文案和常见缺字段提醒，未见较完整可复用工作流程,1,1,card
conv_260e843f12e3,保留,OFFICE,1,用户确认过人物形象，后续PDF封面仍反复出现留白、人物丢失和标题换行问题,11,30,card
conv_447987002020,暂存,BIZ,0,有周边策划需求，但现有AI正文只有接口超时，不能从这条报错编出策划方法,2,1,card
conv_e312a461efd7,排除,COMM,0,两条相邻分钟的模板定时请求，任务正文仅music，无具体业务处理过程或修订经验,2,2,card
conv_f30a9ea3a925,保留,BIZ,1,扩读发现人物相似度反馈及实际具体五官、参考图、构图修订方法,5,9,expanded_root
conv_a76fd035bbbc,保留,LIFE,1,扩读全部AI发现明确的时间、费用、参考版式修订以及文图同步要求,7,34,expanded_root
conv_49b6714ab55b,保留,LEGAL,1,扩读实际区分授权表单字段、预勾选状态、翻译和签署分析；地址查询不随片段入库,2,7,expanded_root
conv_f98f35e79944,保留,TECH,1,高保真还原任务有截图拆分识别和核对方法，但AI自行更换配色字体的范围需要警示,2,4,card
conv_b0a83c4daf70,保留,BIZ,1,人物机构检索结果显式提示现任职务与不同面积口径须分别核对,1,1,card
conv_fc7e55401376,保留,OFFICE,1,安装声明之外有实际剧本诊断，把旁白问题与目标体量、应保留情节区分,3,21,card
conv_cc5c4da28eca,保留,NEWS,1,扩读识别了上文配图指代及requests缺依赖后的替代执行线索,3,13,expanded_root
conv_8c0bfd90a38e,保留,EDU,1,自评报告补写明确区分检查维度和须核实的备案、测评及事故证明,1,7,card
conv_6f0b034387f1,保留,TECH,1,图生页面交付描述有具体实测比例及尺寸对账方法,1,3,card
conv_731ed57dd54e,保留,OFFICE,1,会议纪要跨模板、项目清单和录音对齐，明确保留未录全的内容并处理后续新增录音,2,10,expanded_root
conv_206cc3f2c91c,保留,EDU,1,扩读见到图文拥挤和海报留白的具体诊断，同时AI承认重做方向尚未确认,5,17,expanded_root
conv_d53a390f43dd,保留,BIZ,1,背景尽调明确工商接口未接和公开资料口径冲突，而非只输出公司介绍,5,5,card
conv_71b25ae5e611,暂存,BIZ,0,地方志咨询及介入文档需求明确，但主要为通用方案和待建能力，尚无实际处理或修订过程证据,3,4,card
conv_f1466cdd5366,暂存,BIZ,0,有企业战略对标目标，卡片主要为判断结论和交付摘要，尚不能支撑可复用核验流程,1,6,card
conv_613c5c688f09,保留,LEGAL,1,协议审查指出空白变量与名义责任上限未落地的文本风险，不能将留白自动变成0,2,11,card
conv_60925fa3f733,保留,LEGAL,1,实际从立场审查转为协议修订、Word及真实修订标记，需保护待确认商业变量,6,16,expanded_root
conv_af9683641117,保留,LEGAL,1,融资两协议评估检查条款实际义务而非只读对赌名称,1,1,card
conv_d24eb9cf5172,保留,LEGAL,1,扩读确认用户限定修改范围、新增章节和交叉引用同步，不认证产品实际安全能力,4,3,expanded_root
conv_174f5621d4ca,排除,NEWS,0,单次新闻摘要，没有具体处理反馈或方法经验,1,1,card
conv_fa46a4502e37,保留,BIZ,1,资料扩写说明图片页缺字与时间轴排版导致的信息缺口，没有直接填虚构事实,3,3,card
conv_80a5790617be,暂存,BIZ,0,六个成果转化任务明确，但目前多为咨询建议与框架化输出，未核清执行或独立修订经验,6,6,card
conv_01c834d89914,保留,OFFICE,1,融资单页重排明确指出百分比图形的分母误读风险，而非只有美化声明,1,1,card
conv_6d69c3fec1b7,保留,LEGAL,1,审查联合协议中的表决权委托与股权比例差异，有跨文件检查方法,1,1,card
conv_ff0171d8be85,保留,LEGAL,1,两套补偿公式在相同参数下分场景比较，具备可复用计算核查步骤,1,1,expanded_root
conv_a8922f4056c9,保留,BIZ,1,明确单价误推反馈及工作量封顶、费用重分配和新增费用的修订约束,3,10,card
conv_b90e515e92ec,保留,BIZ,1,扩读用户对品牌共同持有的明确反馈及AI对应修订；只保留局部偏好纠正，不照搬税法和股比建议,28,45,expanded_root
conv_dd1143c9d710,排除,OFFICE,0,单句术语翻译，未见处理流程、使用反馈或修订经验,1,1,card
